Date,Day,Month,Year,Traffic,Count,Gross Sales,cloudcover,conditions,dew,feelslike,feelslikemax,feelslikemin,humidity,moonphase,precip,precipcover,precipprob,preciptype,sealevelpressure,severerisk,snow,snowdepth,solarenergy,solarradiation,sunrise,sunset,temp,tempmax,tempmin,uvindex,visibility,windgust,windspeed
2023-03-01,Wednesday,March,2023,13,0.0,0.0,30.5,Partially cloudy,39.8,52.2,74.7,35.7,63.2,0.31,0.0,0.0,0,none,1007.0,10,0.0,0.0,6.7,77.3,07:17:58,18:36:33,53.8,74.7,38.7,3,9.9,28.9,16.6
2023-03-02,Thursday,March,2023,14,1.0,0.01,44.0,Partially cloudy,33.3,40.1,51.5,27.0,66.3,0.34,0.0,0.0,0,none,1012.1,10,0.0,0.0,6.6,78.0,07:16:29,18:37:39,44.3,51.5,34.4,3,9.9,17.2,12.2
2023-03-03,Friday,March,2023,6,0.0,0.0,91.3,"Snow, Rain, Overcast",36.3,32.0,37.2,21.7,84.5,0.37,2.278,66.67,100,"rain,snow",997.0,10,0.0,0.0,0.8,8.8,07:14:59,18:38:44,40.7,43.1,35.0,0,6.4,43.6,30.1
2023-03-04,Saturday,March,2023,12,0.0,0.0,34.6,Partially cloudy,31.7,37.7,53.8,23.8,71.1,0.41,0.0,0.0,0,none,1014.3,10,0.0,0.0,7.9,88.5,07:13:28,18:39:49,41.4,53.8,29.9,4,8.7,34.2,18.1
2023-03-05,Sunday,March,2023,14,0.0,0.0,36.6,Partially cloudy,34.2,44.6,56.3,32.3,64.4,0.44,0.0,0.0,0,none,1022.3,10,0.0,0.0,6.8,80.7,07:11:57,18:40:53,46.6,56.3,35.8,3,9.3,19.5,13.3
2023-03-06,Monday,March,2023,0,0.0,0.0,60.3,Partially cloudy,39.6,54.0,72.4,38.7,55.9,0.47,0.0,0.0,0,none,1013.5,10,0.0,0.0,7.5,86.5,07:10:25,18:41:58,55.9,72.4,43.9,3,9.9,33.3,18.8
2023-03-07,Tuesday,March,2023,1,0.0,0.0,68.9,Partially cloudy,28.8,37.3,50.9,31.1,57.6,0.5,0.0,0.0,0,none,1025.1,10,0.0,0.0,6.3,74.2,07:08:52,18:43:02,43.9,50.9,39.3,3,9.8,32.1,21.4
2023-03-08,Wednesday,March,2023,8,1.0,30.0,58.7,Partially cloudy,17.4,33.9,44.9,25.7,38.8,0.54,0.0,0.0,0,none,1030.9,10,0.0,0.0,6.9,80.9,07:07:19,18:44:06,41.0,49.9,34.9,3,9.9,24.6,17.7
2023-03-09,Thursday,March,2023,14,0.0,0.0,79.8,"Rain, Partially cloudy",27.4,36.7,51.9,23.9,57.1,0.58,0.083,16.67,100,rain,1022.9,10,0.0,0.0,6.7,77.0,07:05:46,18:45:09,42.3,51.9,33.1,4,9.8,29.8,17.5
2023-03-10,Friday,March,2023,3,0.0,0.0,100.0,"Rain, Overcast",33.7,29.5,38.3,24.1,84.9,0.61,0.06,20.83,100,rain,1015.1,10,0.0,0.0,1.6,18.0,07:04:12,18:46:13,37.9,42.1,35.9,1,8.3,35.1,23.9
2023-03-11,Saturday,March,2023,22,1.0,70.0,86.0,Partially cloudy,28.4,34.0,40.5,28.9,66.3,0.65,0.0,0.0,0,none,1017.1,10,0.0,0.0,6.5,75.0,07:02:38,18:47:16,39.2,46.0,34.4,3,9.9,19.7,13.3
2023-03-12,Sunday,March,2023,10,0.0,0.0,100.0,"Snow, Rain, Overcast",32.0,29.7,37.4,24.7,87.5,0.68,0.137,41.67,100,"rain,snow",1012.1,10,0.6,0.0,2.6,31.5,08:01:03,19:48:18,35.4,38.0,33.1,1,6.2,20.8,11.5
2023-03-13,Monday,March,2023,0,0.0,0.0,99.5,"Snow, Rain, Overcast",24.8,21.3,25.0,18.9,76.6,0.72,0.048,20.83,100,"rain,snow",1018.0,10,0.6,0.0,2.9,34.5,07:59:28,19:49:21,31.4,34.0,29.4,1,8.0,30.6,18.5
2023-03-14,Tuesday,March,2023,7,1.0,20.0,58.1,"Snow, Rain, Partially cloudy",19.5,21.6,31.3,12.9,64.4,0.75,0.007,4.17,100,"rain,snow",1026.4,10,0.2,0.0,9.4,108.5,07:57:53,19:50:23,30.5,38.4,23.9,4,9.7,24.7,14.3
2023-03-15,Wednesday,March,2023,14,1.0,40.0,20.5,Partially cloudy,18.0,33.4,50.4,20.7,54.1,0.79,0.0,0.0,0,none,1026.0,10,0.0,0.0,10.5,121.6,07:56:17,19:51:26,35.6,50.4,20.7,5,9.7,15.0,10.4
2023-03-16,Thursday,March,2023,16,3.0,197.0,73.9,"Rain, Partially cloudy",28.4,41.3,56.0,30.4,54.0,0.82,0.142,29.17,100,rain,1013.4,10,0.0,0.0,4.2,48.1,07:54:41,19:52:28,45.2,56.0,35.9,3,9.3,32.8,18.1
2023-03-17,Friday,March,2023,2,1.0,45.0,93.1,"Snow, Rain, Overcast",31.8,30.4,52.8,20.2,76.8,0.86,0.131,33.33,100,"rain,snow",1007.3,10,0.0,0.0,3.0,35.0,07:53:05,19:53:29,38.6,52.8,31.9,1,9.2,41.4,28.1
2023-03-18,Saturday,March,2023,12,4.0,111.98,75.0,"Snow, Partially cloudy",14.7,10.8,19.7,5.0,69.0,0.89,0.007,4.17,100,snow,1018.6,10,0.4,0.0,7.2,82.5,07:51:29,19:54:31,23.5,30.2,20.0,5,7.8,33.3,22.3
2023-03-19,Sunday,March,2023,8,2.0,33.0,26.5,Partially cloudy,13.6,17.0,29.5,6.9,60.3,0.93,0.0,0.0,0,none,1027.1,10,0.0,0.0,10.5,123.5,07:49:52,19:55:33,26.3,37.0,17.8,6,9.5,24.2,14.2
2023-03-20,Monday,March,2023,0,0.0,0.0,13.6,Clear,15.9,29.2,50.6,14.2,47.4,0.96,0.0,0.0,0,none,1025.3,10,0.0,0.0,11.4,134.6,07:48:16,19:56:34,36.2,50.6,22.7,5,9.9,28.9,19.2
2023-03-21,Tuesday,March,2023,1,1.0,10.0,65.4,"Rain, Partially cloudy",20.6,39.6,53.1,27.9,44.2,0.0,0.031,12.5,100,rain,1024.1,10,0.0,0.0,6.9,79.4,07:46:39,19:57:35,42.8,53.1,33.0,4,9.8,29.8,18.4
2023-03-22,Wednesday,March,2023,10,0.0,0.0,100.0,"Rain, Overcast",45.0,44.2,53.4,35.9,92.1,0.03,0.126,16.67,100,rain,1018.5,10,0.0,0.0,2.7,32.6,07:45:02,19:58:36,47.2,53.4,40.9,2,5.7,30.4,17.5
2023-03-23,Thursday,March,2023,2,0.0,0.0,100.0,"Rain, Overcast",53.4,54.6,64.6,40.3,91.7,0.06,0.334,54.17,100,rain,1012.5,10,0.0,0.0,1.7,19.8,07:43:26,19:59:37,55.8,64.6,45.5,1,7.3,33.8,16.5
2023-03-24,Friday,March,2023,5,1.0,14.99,100.0,"Rain, Overcast",41.0,36.6,40.8,32.7,94.0,0.1,1.078,70.83,100,rain,1012.2,10,0.0,0.0,2.1,26.5,07:41:49,20:00:38,42.6,44.4,40.9,1,4.3,23.0,15.9
2023-03-25,Saturday,March,2023,8,1.0,10.0,80.1,"Rain, Partially cloudy",39.0,38.9,52.2,32.9,81.8,0.13,0.657,41.67,100,rain,1003.2,10,0.0,0.0,5.8,67.9,07:40:12,20:01:39,44.6,52.2,38.8,3,7.8,50.1,29.8
2023-03-26,Sunday,March,2023,8,1.0,10.0,23.3,"Rain, Partially cloudy",35.8,48.2,64.4,29.4,65.6,0.16,0.012,8.33,100,rain,1014.5,10,0.0,0.0,12.9,149.0,07:38:35,20:02:39,48.6,64.4,33.1,6,9.3,24.2,14.4
2023-03-27,Monday,March,2023,0,0.0,0.0,97.8,"Rain, Overcast",39.8,40.0,52.9,33.4,84.4,0.19,0.465,33.33,100,rain,1017.6,10,0.0,0.0,2.7,30.8,07:36:59,20:03:40,44.3,52.9,40.1,1,8.5,27.9,19.5
2023-03-28,Tuesday,March,2023,0,0.0,0.0,30.5,Partially cloudy,27.0,35.5,50.6,20.4,63.6,0.25,0.0,0.0,0,none,1024.6,10,0.0,0.0,8.8,102.8,07:35:22,20:04:40,39.3,50.6,28.6,3,9.9,21.9,13.7
2023-03-29,Wednesday,March,2023,3,1.0,25.0,34.4,Partially cloudy,30.5,38.4,54.4,28.3,65.1,0.26,0.0,0.0,0,none,1024.2,10,0.0,0.0,9.3,109.0,07:33:46,20:05:40,42.2,54.4,33.9,4,9.9,29.7,19.5
2023-03-30,Thursday,March,2023,9,3.0,25.0,36.8,Partially cloudy,26.2,40.9,61.4,23.4,49.5,0.29,0.0,0.0,0,none,1023.7,10,0.0,0.0,12.9,149.7,07:32:10,20:06:41,44.9,61.4,30.7,6,9.9,21.9,13.7
2023-03-31,Friday,March,2023,7,0.0,0.0,98.8,"Rain, Overcast",49.0,57.2,68.4,45.2,74.3,0.32,0.327,37.5,100,rain,1008.3,10,0.0,0.0,5.5,65.0,07:30:34,20:07:41,57.7,68.4,49.3,3,9.5,44.2,29.7
2023-04-01,Saturday,April,2023,10,6.0,159.98,72.0,"Rain, Partially cloudy",38.6,41.7,57.2,28.9,73.4,0.35,0.206,12.5,100,rain,1005.6,10,0.0,0.0,3.4,41.4,07:28:58,20:08:41,46.8,57.2,39.2,2,9.7,55.0,30.6
2023-04-02,Sunday,April,2023,8,5.0,76.98,44.9,Partially cloudy,31.7,42.1,57.7,30.1,62.4,0.39,0.0,0.0,0,none,1017.5,10,0.0,0.0,15.1,178.0,07:27:22,20:09:42,44.4,57.7,33.1,7,9.9,21.9,14.4
2023-04-03,Monday,April,2023,0,0.0,0.0,48.1,Partially cloudy,44.3,57.0,74.4,41.8,60.6,0.42,0.0,0.0,0,none,1009.3,10,0.0,0.0,11.8,137.9,07:25:47,20:10:42,58.2,74.4,44.1,7,9.9,29.0,18.0
2023-04-04,Tuesday,April,2023,1,0.0,0.0,75.2,"Rain, Partially cloudy",56.5,65.1,79.5,57.2,75.3,0.45,0.007,4.17,100,rain,1008.3,60,0.0,0.0,6.8,78.4,07:24:12,20:11:42,65.1,79.5,57.2,4,8.6,29.8,19.1
2023-04-05,Wednesday,April,2023,5,2.0,14.0,74.5,"Rain, Partially cloudy",58.4,65.5,76.2,41.6,77.6,0.48,0.734,41.67,100,rain,1009.7,30,0.0,0.0,2.4,29.1,07:22:37,20:12:42,65.9,76.2,46.9,1,8.9,58.5,28.2
2023-04-06,Thursday,April,2023,3,1.0,150.0,56.3,Partially cloudy,30.5,41.1,49.0,35.9,59.2,0.5,0.0,0.0,0,none,1027.4,10,0.0,0.0,9.0,105.1,07:21:03,20:13:42,44.5,49.4,39.2,4,9.9,20.8,11.9
2023-04-07,Friday,April,2023,1,0.0,0.0,46.0,Partially cloudy,26.3,44.2,56.8,30.7,49.0,0.55,0.0,0.0,0,none,1031.9,10,0.0,0.0,16.8,193.4,07:19:29,20:14:42,46.3,56.8,35.9,8,9.9,21.9,13.5
2023-04-08,Saturday,April,2023,19,1.0,100.0,28.6,Partially cloudy,26.9,47.6,61.4,33.1,42.8,0.59,0.0,0.0,0,none,1029.1,10,0.0,0.0,18.5,212.4,07:17:56,20:15:43,50.0,61.4,39.3,9,9.9,24.2,15.3
2023-04-09,Sunday,April,2023,2,0.0,0.0,18.3,Clear,28.1,52.0,64.5,36.8,39.9,0.62,0.0,0.0,0,none,1029.7,10,0.0,0.0,17.0,196.0,07:16:23,20:16:43,53.0,64.5,40.1,9,9.9,20.8,14.3
2023-04-10,Monday,April,2023,0,0.0,0.0,29.0,Partially cloudy,30.2,55.9,69.1,41.6,40.5,0.66,0.0,0.0,0,none,1028.2,10,0.0,0.0,18.1,207.4,07:14:51,20:17:43,56.1,69.1,41.6,8,9.8,12.8,7.1
2023-04-11,Tuesday,April,2023,8,0.0,0.0,8.9,Clear,38.4,59.8,74.0,41.7,47.7,0.7,0.0,0.0,0,none,1024.8,10,0.0,0.0,18.3,211.4,07:13:19,20:18:43,59.9,74.0,43.4,9,9.8,20.0,12.8
2023-04-12,Wednesday,April,2023,4,1.0,10.0,15.3,Clear,40.2,65.6,77.0,53.7,40.7,0.73,0.0,0.0,0,none,1018.5,10,0.0,0.0,20.5,236.5,07:11:48,20:19:43,65.6,77.0,53.7,8,9.9,27.4,17.5
2023-04-13,Thursday,April,2023,5,1.0,2.0,14.5,Rain,38.9,65.4,79.4,49.4,40.8,0.75,0.001,4.17,100,rain,1013.5,10,0.0,0.0,21.0,244.4,07:10:17,20:20:44,65.4,79.4,49.4,9,9.9,12.8,9.7
2023-04-14,Friday,April,2023,7,4.0,73.0,58.7,Partially cloudy,50.7,66.4,76.8,57.5,57.6,0.8,0.0,0.0,0,none,1009.5,10,0.0,0.0,13.2,153.5,07:08:47,20:21:44,66.4,76.8,57.5,7,9.9,17.2,9.4
2023-04-15,Saturday,April,2023,7,4.0,144.98000000000002,49.4,Partially cloudy,52.9,68.8,79.0,58.9,60.0,0.84,0.0,0.0,0,none,1009.7,10,0.0,0.0,16.7,193.3,07:07:17,20:22:44,68.8,79.0,58.9,7,9.9,21.9,15.0
2023-04-16,Sunday,April,2023,3,2.0,35.0,90.8,"Rain, Overcast",44.9,48.4,69.9,32.3,76.1,0.87,0.231,33.33,100,rain,1007.1,10,0.0,0.0,4.7,53.3,07:05:49,20:23:44,52.6,69.9,40.7,2,9.1,39.8,20.9
2023-04-17,Monday,April,2023,0,0.0,0.0,83.4,"Rain, Partially cloudy",34.0,32.3,43.4,26.0,79.7,0.91,0.078,33.33,100,rain,1007.5,10,0.0,0.0,3.0,33.9,07:04:21,20:24:45,40.0,48.2,35.9,1,9.0,36.9,20.7
2023-04-18,Tuesday,April,2023,8,0.0,0.0,9.5,Clear,30.7,43.2,61.5,27.0,58.9,0.95,0.0,0.0,0,none,1014.0,10,0.0,0.0,17.7,204.8,07:02:53,20:25:45,46.1,61.5,31.7,7,9.9,18.3,10.2
2023-04-19,Wednesday,April,2023,4,1.0,20.0,33.5,Partially cloudy,39.0,59.1,79.8,39.1,46.2,0.98,0.0,0.0,0,none,1015.1,10,0.0,0.0,16.7,193.2,07:01:27,20:26:45,60.7,80.9,44.8,7,9.9,32.3,19.0
2023-04-20,Thursday,April,2023,5,1.0,83.7,66.5,Partially cloudy,44.7,70.7,81.0,61.0,41.3,0.0,0.0,0.0,0,none,1013.5,10,0.0,0.0,12.5,143.9,07:00:01,20:27:46,71.1,83.4,61.0,7,9.9,37.3,23.8
2023-04-21,Friday,April,2023,7,2.0,170.0,90.7,"Rain, Overcast",45.4,52.2,66.6,42.9,75.4,0.05,0.489,33.33,100,rain,1013.8,10,0.0,0.0,4.5,50.5,06:58:36,20:28:46,53.4,66.6,47.0,2,8.9,28.8,13.9
2023-04-22,Saturday,April,2023,15,3.0,233.0,75.6,"Rain, Partially cloudy",34.3,41.0,50.6,33.6,65.6,0.08,0.012,4.17,100,rain,1012.2,10,0.0,0.0,9.5,110.4,06:57:12,20:29:46,45.8,50.6,40.2,6,9.7,34.6,21.8
2023-04-23,Sunday,April,2023,0,0.0,0.0,92.0,Overcast,27.8,34.7,39.1,30.1,61.6,0.11,0.0,0.0,0,none,1019.0,10,0.0,0.0,4.8,54.5,06:55:49,20:30:47,40.3,44.8,34.9,2,9.9,23.0,12.8
2023-04-24,Monday,April,2023,0,0.0,0.0,33.1,Partially cloudy,25.4,38.7,53.3,23.0,54.9,0.14,0.0,0.0,0,none,1022.6,10,0.0,0.0,13.6,157.5,06:54:27,20:31:47,41.8,53.3,29.6,7,9.9,23.5,11.3
2023-04-25,Tuesday,April,2023,12,11.0,178.95999999999998,73.6,Partially cloudy,31.8,45.0,58.3,35.7,55.4,0.18,0.0,0.0,0,none,1020.6,10,0.0,0.0,5.5,62.5,06:53:06,20:32:47,47.1,58.3,38.8,3,9.9,25.3,13.4
2023-04-26,Wednesday,April,2023,1,1.0,10.0,39.3,Partially cloudy,33.3,46.2,58.9,33.0,59.9,0.21,0.0,0.0,0,none,1022.0,10,0.0,0.0,18.2,211.3,06:51:45,20:33:48,48.4,58.9,38.4,7,8.8,16.1,11.3
2023-04-27,Thursday,April,2023,0,0.0,0.0,52.5,"Rain, Partially cloudy",34.3,50.6,64.1,34.8,51.7,0.25,0.011,4.17,100,rain,1016.2,10,0.0,0.0,9.5,112.3,06:50:26,20:34:48,52.4,64.1,39.2,4,9.9,16.1,11.3
2023-04-28,Friday,April,2023,8,2.0,130.0,99.5,"Rain, Overcast",47.6,48.9,55.0,41.4,88.8,0.27,0.393,37.5,100,rain,1007.7,10,0.0,0.0,3.4,38.5,06:49:08,20:35:48,50.8,55.0,46.0,1,7.4,25.3,13.3
2023-04-29,Saturday,April,2023,20,6.0,87.96000000000001,58.8,"Rain, Partially cloudy",46.0,53.1,69.1,41.9,76.8,0.31,0.143,12.5,100,rain,1005.6,10,0.0,0.0,11.9,138.5,06:47:51,20:36:48,53.6,69.1,43.3,6,9.6,32.2,16.7
2023-04-30,Sunday,April,2023,0,0.0,0.0,84.3,"Rain, Partially cloudy",39.4,40.2,50.4,32.2,79.8,0.34,0.281,50.0,100,rain,1000.0,10,0.0,0.0,11.2,129.5,06:46:35,20:37:48,45.6,50.4,40.8,7,9.5,40.5,21.1
2023-05-01,Monday,May,2023,0,0.0,0.0,99.0,"Rain, Overcast",38.4,35.8,40.5,32.0,84.5,0.37,0.273,62.5,100,rain,998.7,10,0.0,0.0,3.2,36.0,06:45:20,20:38:48,42.8,46.3,40.3,1,9.2,35.8,22.0
2023-05-02,Tuesday,May,2023,3,3.0,50.0,77.2,Partially cloudy,36.5,44.3,56.8,35.8,64.9,0.4,0.0,0.0,0,none,1002.6,10,0.0,0.0,6.8,79.0,06:44:06,20:39:48,48.2,56.8,42.5,3,9.9,33.3,19.6
2023-05-03,Wednesday,May,2023,9,0.0,0.0,53.6,Partially cloudy,36.6,46.2,59.5,33.7,61.9,0.43,0.0,0.0,0,none,1011.0,10,0.0,0.0,17.7,205.1,06:42:54,20:40:48,49.5,59.5,40.8,7,9.9,30.9,17.3
2023-05-04,Thursday,May,2023,7,1.0,35.0,14.3,Clear,38.5,54.3,67.0,38.8,59.0,0.47,0.0,0.0,0,none,1015.9,10,0.0,0.0,19.0,221.4,06:41:43,20:41:47,54.5,67.0,38.8,7,9.7,17.2,6.4
2023-05-05,Friday,May,2023,11,4.0,93.0,20.2,Partially cloudy,41.3,61.2,74.0,44.0,49.4,0.5,0.0,0.0,0,none,1018.4,10,0.0,0.0,19.5,227.6,06:40:33,20:42:46,61.5,74.0,46.6,8,9.9,21.9,13.0
2023-05-06,Saturday,May,2023,1,1.0,10.0,72.8,Partially cloudy,50.4,65.3,74.4,56.8,58.8,0.53,0.0,0.0,0,none,1018.8,10,0.0,0.0,10.0,116.2,06:39:24,20:43:45,65.3,74.4,56.8,7,9.9,26.4,14.8
2023-05-07,Sunday,May,2023,3,0.0,0.0,77.4,"Rain, Partially cloudy",60.9,68.4,78.0,61.0,77.9,0.57,0.876,37.5,100,rain,1013.8,60,0.0,0.0,8.0,93.7,06:38:17,20:44:44,68.4,78.0,61.0,5,9.1,33.0,14.0
2023-05-08,Monday,May,2023,3,3.0,20.0,69.3,"Rain, Partially cloudy",59.4,67.5,75.7,61.8,76.1,0.61,0.051,8.33,100,rain,1011.9,30,0.0,0.0,10.4,120.8,06:37:11,20:45:43,67.5,75.7,61.8,7,9.8,24.2,16.0
2023-05-09,Tuesday,May,2023,3,3.0,65.0,35.1,Partially cloudy,47.7,64.3,73.9,54.5,58.4,0.64,0.0,0.0,0,none,1017.5,10,0.0,0.0,19.5,225.8,06:36:06,20:46:41,64.3,73.9,54.5,8,9.9,21.9,14.8
2023-05-10,Wednesday,May,2023,2,0.0,0.0,24.0,Partially cloudy,41.3,64.3,75.8,50.8,44.8,0.68,0.0,0.0,0,none,1020.9,10,0.0,0.0,19.2,223.5,06:35:03,20:47:39,64.3,75.8,50.8,8,9.9,12.8,11.2
2023-05-11,Thursday,May,2023,3,0.0,0.0,42.6,Partially cloudy,47.8,68.3,79.8,54.7,49.5,0.71,0.0,0.0,0,none,1018.4,10,0.0,0.0,12.3,144.4,06:34:01,20:48:37,68.4,80.1,54.7,7,9.9,16.1,7.9
2023-05-12,Friday,May,2023,10,1.0,20.0,63.3,"Rain, Partially cloudy",63.3,71.3,77.5,65.1,76.4,0.75,0.025,8.33,100,rain,1016.2,10,0.0,0.0,10.4,120.5,06:33:01,20:49:35,71.3,77.5,65.1,6,9.7,16.1,11.9
2023-05-13,Saturday,May,2023,15,7.0,101.96,80.6,"Rain, Partially cloudy",66.0,73.2,85.2,66.7,80.1,0.78,0.262,8.33,100,rain,1017.7,30,0.0,0.0,9.4,108.8,06:32:02,20:50:32,72.9,82.7,66.7,5,8.9,56.4,9.5
2023-05-14,Sunday,May,2023,12,3.0,67.0,87.3,"Rain, Partially cloudy",54.8,69.3,75.7,65.3,61.1,0.82,0.007,4.17,100,rain,1022.9,10,0.0,0.0,8.4,95.8,06:31:05,20:51:28,69.3,75.7,65.3,5,9.9,28.9,16.1
2023-05-15,Monday,May,2023,3,0.0,0.0,83.3,"Rain, Partially cloudy",50.8,61.4,71.5,51.6,69.8,0.86,0.165,20.83,100,rain,1023.6,10,0.0,0.0,10.6,122.4,06:30:09,20:52:24,61.4,71.5,51.6,6,9.8,26.7,15.2
2023-05-16,Tuesday,May,2023,5,4.0,59.96,82.0,"Rain, Partially cloudy",54.1,61.3,66.3,56.4,77.6,0.89,0.134,29.17,100,rain,1012.9,10,0.0,0.0,3.7,44.3,06:29:15,20:53:20,61.3,66.3,56.4,2,9.6,13.9,9.9
2023-05-17,Wednesday,May,2023,6,0.0,0.0,31.9,Partially cloudy,46.3,61.9,71.4,54.2,60.5,0.93,0.0,0.0,0,none,1012.9,10,0.0,0.0,15.3,178.7,06:28:23,20:54:15,61.9,71.4,54.2,6,9.9,20.8,11.4
2023-05-18,Thursday,May,2023,7,2.0,30.0,23.2,Partially cloudy,38.2,59.6,74.0,43.0,45.1,0.96,0.0,0.0,0,none,1017.3,10,0.0,0.0,14.9,173.0,06:27:32,20:55:10,60.2,74.0,46.0,6,9.9,17.2,10.2
2023-05-19,Friday,May,2023,10,0.0,0.0,49.9,"Rain, Partially cloudy",53.8,65.4,80.4,51.5,68.5,0.0,0.694,20.83,100,rain,1015.8,10,0.0,0.0,12.5,145.3,06:26:43,20:56:04,65.4,80.1,51.5,6,9.4,29.8,16.1
2023-05-20,Saturday,May,2023,11,1.0,50.0,41.7,"Rain, Partially cloudy",48.6,60.0,65.4,53.3,67.4,0.03,0.081,20.83,100,rain,1018.7,10,0.0,0.0,17.0,197.0,06:25:55,20:56:58,60.0,65.4,53.3,7,8.9,25.3,15.0
2023-05-21,Sunday,May,2023,7,1.0,15.0,9.4,Clear,43.9,62.9,77.0,47.1,53.0,0.06,0.0,0.0,0,none,1020.9,10,0.0,0.0,18.9,218.9,06:25:09,20:57:50,62.9,77.0,47.1,8,9.9,10.3,7.6
2023-05-22,Monday,May,2023,3,4.0,59.96,31.6,Partially cloudy,48.1,68.8,79.8,55.4,51.2,0.1,0.0,0.0,0,none,1019.4,10,0.0,0.0,18.1,209.2,06:24:25,20:58:42,68.8,79.8,55.4,8,9.9,10.3,6.8
2023-05-23,Tuesday,May,2023,8,0.0,0.0,20.6,Partially cloudy,49.8,70.8,79.7,57.2,50.4,0.13,0.0,0.0,0,none,1019.1,10,0.0,0.0,17.7,205.5,06:23:43,20:59:34,71.0,81.0,57.2,7,9.9,23.0,11.5
2023-05-24,Wednesday,May,2023,5,5.0,60.99,12.7,Clear,50.5,72.1,81.4,59.4,49.3,0.16,0.0,0.0,0,none,1018.1,10,0.0,0.0,16.6,192.4,06:23:02,21:00:24,72.8,83.4,59.4,7,9.9,30.0,17.7
2023-05-25,Thursday,May,2023,11,3.0,30.0,31.1,Partially cloudy,35.0,60.4,70.6,44.5,39.6,0.19,0.0,0.0,0,none,1021.6,10,0.0,0.0,16.9,197.5,06:22:23,21:01:14,60.6,70.6,49.4,7,9.9,32.4,16.9
2023-05-26,Friday,May,2023,5,0.0,0.0,5.7,Clear,36.4,62.0,75.8,44.5,40.6,0.23,0.0,0.0,0,none,1023.4,10,0.0,0.0,18.9,218.9,06:21:46,21:02:03,62.6,75.8,48.8,8,9.9,26.0,14.2
2023-05-27,Saturday,May,2023,9,13.0,112.98,30.6,Partially cloudy,39.3,65.6,75.0,51.9,38.9,0.25,0.0,0.0,0,none,1022.7,10,0.0,0.0,11.8,139.4,06:21:11,21:02:51,65.6,75.0,51.9,5,9.9,19.7,11.1
2023-05-28,Sunday,May,2023,0,0.0,0.0,61.2,Partially cloudy,44.7,69.7,79.8,60.6,42.6,0.29,0.0,0.0,0,none,1018.3,10,0.0,0.0,11.4,134.1,06:20:38,21:03:39,69.8,80.5,60.6,6,9.9,22.1,12.0
2023-05-29,Monday,May,2023,0,0.0,0.0,40.9,Partially cloudy,46.8,72.0,82.5,56.4,41.8,0.32,0.0,0.0,0,none,1014.7,10,0.0,0.0,19.2,221.6,06:20:06,21:04:25,72.6,84.8,56.4,8,9.9,24.1,12.7
2023-05-30,Tuesday,May,2023,7,2.0,12.0,36.1,"Rain, Partially cloudy",57.7,74.6,84.6,62.7,56.7,0.36,0.025,8.33,100,rain,1014.2,10,0.0,0.0,16.8,193.0,06:19:37,21:05:10,74.4,84.5,62.7,8,9.9,15.0,9.7
2023-05-31,Wednesday,May,2023,4,2.0,50.0,36.2,"Rain, Partially cloudy",62.1,74.3,86.0,66.0,67.5,0.39,0.276,16.67,100,rain,1015.9,30,0.0,0.0,16.5,191.1,06:19:09,21:05:54,74.2,86.0,66.0,8,9.7,29.1,11.9
2023-06-01,Thursday,June,2023,11,6.0,99.99,21.8,Partially cloudy,59.2,76.5,85.2,65.1,58.8,0.42,0.0,0.0,0,none,1016.8,10,0.0,0.0,19.0,219.4,06:18:43,21:06:37,76.9,87.3,65.1,8,9.9,19.7,10.6
2023-06-02,Friday,June,2023,5,3.0,30.0,1.9,Clear,51.0,76.8,86.9,62.8,42.2,0.45,0.0,0.0,0,none,1015.6,10,0.0,0.0,18.9,217.2,06:18:19,21:07:19,78.0,89.9,62.8,8,9.9,20.8,11.4
2023-06-03,Saturday,June,2023,4,1.0,50.0,44.8,"Rain, Partially cloudy",54.4,78.6,88.6,66.8,43.6,0.5,0.016,4.17,100,rain,1013.5,10,0.0,0.0,15.6,181.8,06:17:57,21:08:00,79.2,90.5,66.8,7,9.9,33.3,14.2
2023-06-04,Sunday,June,2023,5,2.0,15.0,40.2,Partially cloudy,50.1,73.9,80.7,64.5,44.6,0.52,0.0,0.0,0,none,1014.3,10,0.0,0.0,13.8,161.6,06:17:37,21:08:39,74.2,82.1,64.5,6,9.9,23.5,14.9
2023-06-05,Monday,June,2023,5,0.0,0.0,25.7,Partially cloudy,39.1,68.7,79.6,55.4,34.9,0.55,0.0,0.0,0,none,1015.6,10,0.0,0.0,11.2,130.8,06:17:19,21:09:17,68.7,80.3,55.4,5,9.3,19.7,14.2
2023-06-06,Tuesday,June,2023,0,1.0,5.0,54.0,Partially cloudy,49.5,71.4,82.7,56.6,47.3,0.59,0.0,0.0,0,none,1013.0,10,0.0,0.0,11.4,133.2,06:17:03,21:09:54,71.9,84.4,56.6,5,8.6,25.9,14.7
2023-06-07,Wednesday,June,2023,5,0.0,0.0,60.6,Partially cloudy,48.0,69.5,78.1,64.0,51.8,0.63,0.0,0.0,0,none,1009.3,10,0.0,0.0,12.0,139.4,06:16:48,21:10:30,69.5,78.1,64.0,6,8.0,20.8,10.9
2023-06-08,Thursday,June,2023,2,0.0,0.0,7.5,Clear,38.2,66.3,76.9,52.6,37.9,0.66,0.0,0.0,0,none,1010.3,10,0.0,0.0,15.5,181.1,06:16:36,21:11:04,66.3,76.9,52.6,7,9.6,16.1,11.2
2023-06-09,Friday,June,2023,11,0.0,0.0,8.9,Clear,41.9,67.3,80.0,52.6,41.4,0.7,0.0,0.0,0,none,1011.9,10,0.0,0.0,18.7,217.4,06:16:25,21:11:37,67.3,80.0,52.6,8,9.9,18.2,9.5
2023-06-10,Saturday,June,2023,5,5.0,126.99000000000001,27.0,Partially cloudy,47.4,70.8,80.9,55.3,46.4,0.75,0.0,0.0,0,none,1010.3,10,0.0,0.0,17.6,206.9,06:16:17,21:12:08,71.2,82.9,55.3,7,8.9,19.7,9.9
2023-06-11,Sunday,June,2023,15,2.0,20.0,78.0,"Rain, Partially cloudy",55.6,63.3,67.0,59.8,77.7,0.77,0.659,50.0,100,rain,1005.5,10,0.0,0.0,1.4,17.0,06:16:10,21:12:38,63.3,67.0,59.8,1,7.1,29.8,16.8
2023-06-12,Monday,June,2023,7,0.0,0.0,86.0,"Rain, Partially cloudy",49.6,59.1,65.8,53.4,73.3,0.8,0.005,4.17,100,rain,1009.7,10,0.0,0.0,5.8,68.2,06:16:05,21:13:07,59.1,65.8,53.4,3,9.2,25.3,15.2
2023-06-13,Tuesday,June,2023,10,0.0,0.0,80.2,"Rain, Partially cloudy",50.7,62.4,69.7,54.3,66.1,0.84,0.054,12.5,100,rain,1006.2,10,0.0,0.0,4.9,58.7,06:16:02,21:13:34,62.4,69.7,54.3,3,9.8,33.3,17.3
2023-06-14,Wednesday,June,2023,6,6.0,95.99,80.3,"Rain, Partially cloudy",57.4,68.1,76.9,60.1,70.3,0.87,0.058,12.5,100,rain,1004.2,10,0.0,0.0,12.5,145.0,06:16:01,21:13:59,68.1,76.9,60.1,5,9.7,19.5,9.8
2023-06-15,Thursday,June,2023,13,2.0,80.0,32.2,Partially cloudy,58.8,72.4,84.4,60.4,65.3,0.91,0.0,0.0,0,none,1006.0,30,0.0,0.0,12.9,149.8,06:16:02,21:14:22,72.5,85.4,60.4,6,9.1,25.7,13.4
2023-06-16,Friday,June,2023,17,4.0,42.980000000000004,64.1,Partially cloudy,52.9,62.7,71.0,52.4,70.9,0.95,0.0,0.0,0,none,1011.4,10,0.0,0.0,6.9,81.2,06:16:05,21:14:44,62.7,71.0,52.4,3,9.8,18.3,10.9
2023-06-17,Saturday,June,2023,11,5.0,127.5,6.9,Clear,52.1,68.4,80.0,55.8,61.1,0.98,0.0,0.0,0,none,1014.2,10,0.0,0.0,16.4,189.7,06:16:10,21:15:04,68.4,80.5,55.8,7,8.4,9.2,8.0
2023-06-18,Sunday,June,2023,10,3.0,43.98,29.1,Partially cloudy,53.1,71.5,80.7,58.6,54.6,0.0,0.0,0.0,0,none,1010.7,10,0.0,0.0,14.5,168.3,06:16:16,21:15:23,71.6,81.4,58.6,6,8.6,20.8,10.2
2023-06-19,Monday,June,2023,8,1.0,15.0,67.4,"Rain, Partially cloudy",58.5,73.6,79.0,68.1,59.4,0.05,0.005,4.17,100,rain,1009.3,10,0.0,0.0,5.7,63.5,06:16:24,21:15:40,73.6,79.0,68.1,3,9.5,23.0,15.4
2023-06-20,Tuesday,June,2023,8,1.0,15.0,61.1,Partially cloudy,59.2,76.4,87.4,69.0,56.2,0.08,0.0,0.0,0,none,1013.3,10,0.0,0.0,17.6,205.4,06:16:34,21:15:55,76.3,87.2,69.0,8,9.9,32.9,20.8
2023-06-21,Wednesday,June,2023,5,2.0,20.0,53.2,Partially cloudy,57.4,77.0,85.6,69.0,52.4,0.11,0.0,0.0,0,none,1016.0,10,0.0,0.0,15.0,173.8,06:16:46,21:16:08,77.3,87.1,69.0,6,9.7,29.5,17.1
2023-06-22,Thursday,June,2023,7,0.0,0.0,70.0,Partially cloudy,54.9,72.2,78.5,65.5,55.0,0.15,0.0,0.0,0,none,1014.8,10,0.0,0.0,14.9,172.4,06:17:00,21:16:19,72.2,78.5,65.5,7,9.9,24.8,16.7
2023-06-23,Friday,June,2023,6,1.0,8.0,93.7,Overcast,58.8,73.2,81.3,67.9,61.2,0.18,0.0,0.0,0,none,1013.1,10,0.0,0.0,6.7,78.9,06:17:15,21:16:29,73.1,80.9,67.9,4,9.9,11.4,8.0
2023-06-24,Saturday,June,2023,5,0.0,0.0,34.4,Partially cloudy,60.2,76.7,87.7,64.4,60.0,0.21,0.0,0.0,0,none,1012.3,10,0.0,0.0,17.9,208.0,06:17:32,21:16:36,77.0,89.0,64.4,8,9.9,20.8,10.7
2023-06-25,Sunday,June,2023,400,39.0,841.98,46.4,"Rain, Partially cloudy",64.4,78.4,94.2,71.0,65.1,0.24,0.155,20.83,100,rain,1007.1,75,0.0,0.0,13.7,158.9,06:17:51,21:16:42,77.3,87.6,71.0,8,9.4,48.3,19.1
2023-06-26,Monday,June,2023,9,0.0,0.0,68.1,"Rain, Partially cloudy",60.4,72.9,79.4,66.3,65.5,0.25,0.018,20.83,100,rain,1004.7,10,0.0,0.0,7.9,92.5,06:18:11,21:16:46,72.9,79.4,66.3,4,9.7,38.0,22.4
2023-06-27,Tuesday,June,2023,11,8.0,113.0,70.8,Partially cloudy,60.0,68.6,75.7,63.4,74.7,0.31,0.0,0.0,0,none,1010.4,10,0.0,0.0,5.1,59.6,06:18:33,21:16:48,68.6,75.7,63.4,2,3.5,19.7,13.4
2023-06-28,Wednesday,June,2023,4,1.0,6.0,98.4,Overcast,58.1,69.8,82.5,57.2,68.8,0.34,0.0,0.0,0,none,1015.0,10,0.0,0.0,9.0,106.9,06:18:56,21:16:48,69.8,82.9,57.2,4,1.6,20.8,14.5
2023-06-29,Thursday,June,2023,4,2.0,19.0,69.1,"Rain, Partially cloudy",64.6,71.3,88.7,65.5,81.5,0.38,0.357,29.17,100,rain,1013.8,30,0.0,0.0,9.9,116.0,06:19:21,21:16:46,70.9,86.0,65.5,7,4.9,62.0,20.8
2023-06-30,Friday,June,2023,5,0.0,0.0,47.1,"Rain, Partially cloudy",67.5,78.2,93.9,64.9,76.3,0.41,0.002,4.17,100,rain,1013.8,60,0.0,0.0,21.0,245.0,06:19:48,21:16:43,76.2,87.9,64.9,9,9.6,31.7,13.3
2023-07-01,Saturday,July,2023,0,0.0,0.0,74.1,"Rain, Partially cloudy",69.0,76.4,89.0,68.5,83.0,0.44,0.858,37.5,100,rain,1011.9,60,0.0,0.0,12.3,145.0,06:20:16,21:16:37,75.0,84.7,68.5,7,8.9,33.2,16.3
2023-07-02,Sunday,July,2023,2,0.0,0.0,77.9,"Rain, Partially cloudy",68.3,74.1,88.6,69.1,84.1,0.47,0.505,25.0,100,rain,1008.2,60,0.0,0.0,11.3,133.0,06:20:45,21:16:29,73.7,85.4,69.1,8,9.3,54.1,12.8
2023-07-03,Monday,July,2023,10,4.0,73.98,68.8,"Rain, Partially cloudy",65.5,75.9,86.3,68.6,73.4,0.5,0.019,12.5,100,rain,1011.5,10,0.0,0.0,11.8,137.2,06:21:16,21:16:19,75.5,84.6,68.6,7,9.2,23.0,13.9
2023-07-04,Tuesday,July,2023,0,0.0,0.0,47.3,"Rain, Partially cloudy",66.1,79.0,90.6,66.8,69.1,0.54,0.143,12.5,100,rain,1015.5,30,0.0,0.0,18.4,213.7,06:21:49,21:16:08,78.0,89.4,66.8,8,9.1,39.1,9.3
2023-07-05,Wednesday,July,2023,2,0.0,0.0,36.3,"Rain, Partially cloudy",68.9,82.5,95.1,69.8,70.4,0.58,0.005,4.17,100,rain,1014.9,30,0.0,0.0,12.9,148.3,06:22:22,21:15:54,80.1,89.6,69.8,7,8.3,21.9,11.3
2023-07-06,Thursday,July,2023,1,2.0,15.0,67.1,"Rain, Partially cloudy",68.1,78.4,87.5,71.1,74.7,0.61,0.008,4.17,100,rain,1013.2,30,0.0,0.0,12.3,141.4,06:22:57,21:15:39,77.3,84.5,71.1,8,9.9,21.9,14.6
2023-07-07,Friday,July,2023,17,4.0,78.5,34.2,Partially cloudy,61.9,75.8,84.3,66.0,64.3,0.65,0.0,0.0,0,none,1013.9,10,0.0,0.0,24.2,280.5,06:23:33,21:15:21,75.7,83.9,66.0,10,9.8,10.3,7.6
2023-07-08,Saturday,July,2023,3,5.0,62.97,79.8,"Rain, Partially cloudy",64.9,72.5,78.4,64.9,77.8,0.68,1.358,20.83,100,rain,1010.6,30,0.0,0.0,11.9,137.3,06:24:11,21:15:02,72.5,78.4,64.9,10,9.2,29.8,15.4
2023-07-09,Sunday,July,2023,19,15.0,255.98,40.3,Partially cloudy,59.5,70.8,80.9,61.0,70.0,0.75,0.0,0.0,0,none,1012.3,10,0.0,0.0,17.0,198.5,06:24:49,21:14:40,70.7,80.4,61.0,9,9.8,18.3,9.3
2023-07-10,Monday,July,2023,5,0.0,0.0,22.5,Partially cloudy,59.9,73.9,83.2,62.2,64.5,0.75,0.0,0.0,0,none,1014.0,10,0.0,0.0,15.1,176.8,06:25:29,21:14:17,73.7,83.1,62.2,8,9.9,17.2,11.1
2023-07-11,Tuesday,July,2023,5,2.0,73.0,13.2,Clear,63.1,76.3,86.4,64.6,66.6,0.79,0.0,0.0,0,none,1014.1,10,0.0,0.0,18.4,214.4,06:26:09,21:13:51,75.8,84.8,64.6,8,9.9,24.1,14.8
2023-07-12,Wednesday,July,2023,6,1.0,5.0,31.7,Partially cloudy,64.1,78.9,87.8,68.9,63.2,0.82,0.0,0.0,0,none,1012.6,10,0.0,0.0,16.0,185.2,06:26:51,21:13:24,78.1,86.5,68.9,8,9.9,27.6,15.3
2023-07-13,Thursday,July,2023,4,2.0,20.0,64.8,Partially cloudy,66.1,75.7,84.0,70.5,73.3,0.86,0.0,0.0,0,none,1010.0,10,0.0,0.0,7.5,87.2,06:27:34,21:12:55,75.4,81.9,70.5,7,9.9,16.1,9.5
2023-07-14,Friday,July,2023,5,2.0,5.5,26.8,Partially cloudy,65.6,78.2,91.7,65.3,69.9,0.89,0.0,0.0,0,none,1011.7,10,0.0,0.0,18.3,212.7,06:28:18,21:12:24,77.1,88.0,65.3,8,9.5,17.2,9.9
2023-07-15,Saturday,July,2023,0,0.0,0.0,64.1,"Rain, Partially cloudy",67.2,76.8,85.6,69.2,74.2,0.93,0.1,20.83,100,rain,1010.1,30,0.0,0.0,5.3,61.8,06:29:02,21:11:51,76.3,83.4,69.2,3,9.9,13.9,11.6
2023-07-16,Sunday,July,2023,6,2.0,17.0,38.0,"Rain, Partially cloudy",65.5,74.9,86.1,65.7,75.4,0.96,0.377,12.5,100,rain,1012.2,30,0.0,0.0,8.7,101.8,06:29:48,21:11:16,74.3,83.5,65.7,4,6.5,39.1,14.2
2023-07-17,Monday,July,2023,4,4.0,43.98,63.0,"Rain, Partially cloudy",66.0,72.4,84.6,65.0,82.5,0.0,0.871,16.67,100,rain,1013.4,30,0.0,0.0,9.5,109.3,06:30:34,21:10:39,72.0,82.4,65.0,4,6.2,31.4,10.9
2023-07-18,Tuesday,July,2023,4,2.0,18.0,73.1,"Rain, Partially cloudy",65.5,72.6,84.0,64.4,80.8,0.03,0.073,4.17,100,rain,1014.3,30,0.0,0.0,6.9,80.3,06:31:22,21:10:01,72.2,80.8,64.4,7,7.8,12.8,9.8
2023-07-19,Wednesday,July,2023,2,0.0,0.0,40.9,Partially cloudy,63.8,75.8,87.6,65.4,69.2,0.06,0.0,0.0,0,none,1016.2,30,0.0,0.0,14.2,165.0,06:32:10,21:09:20,75.0,84.3,65.4,7,9.9,9.2,9.3
2023-07-20,Thursday,July,2023,4,1.0,14.99,70.0,"Rain, Partially cloudy",70.5,78.8,92.9,71.4,81.2,0.1,0.075,20.83,100,rain,1013.4,75,0.0,0.0,9.9,114.4,06:32:58,21:08:38,77.1,85.8,71.4,9,8.6,35.6,13.3
2023-07-21,Friday,July,2023,2,0.0,0.0,45.9,Partially cloudy,61.5,72.8,79.5,65.2,68.7,0.13,0.0,0.0,0,none,1013.9,10,0.0,0.0,10.9,129.2,06:33:48,21:07:54,72.8,79.5,65.2,7,9.9,18.3,12.4
2023-07-22,Saturday,July,2023,0,0.0,0.0,45.7,Partially cloudy,60.4,73.3,81.8,63.2,66.3,0.16,0.0,0.0,0,none,1013.3,10,0.0,0.0,11.5,131.0,06:34:38,21:07:09,73.2,81.4,63.2,7,9.9,9.2,7.1
2023-07-23,Sunday,July,2023,5,11.0,175.99,38.8,"Rain, Partially cloudy",62.6,74.4,85.1,62.9,69.4,0.2,0.013,12.5,100,rain,1013.9,30,0.0,0.0,14.0,162.7,06:35:28,21:06:21,74.0,83.9,62.9,7,9.9,23.2,14.0
2023-07-24,Monday,July,2023,2,0.0,0.0,44.4,"Rain, Partially cloudy",67.0,76.6,90.7,67.2,75.6,0.23,0.13,8.33,100,rain,1015.9,60,0.0,0.0,10.2,121.6,06:36:19,21:05:32,75.6,86.6,67.2,6,9.7,34.4,9.2
2023-07-25,Tuesday,July,2023,3,0.0,0.0,14.4,Rain,65.7,77.7,87.7,66.4,70.6,0.25,0.007,4.17,100,rain,1018.1,30,0.0,0.0,13.8,159.7,06:37:11,21:04:41,77.1,86.5,66.4,6,7.5,10.3,9.0
2023-07-26,Wednesday,July,2023,2,0.0,0.0,52.9,"Rain, Partially cloudy",70.8,83.1,93.3,71.9,74.5,0.3,0.3,12.5,100,rain,1013.4,60,0.0,0.0,8.3,93.0,06:38:03,21:03:49,80.1,87.7,71.9,6,9.4,35.2,21.9
2023-07-27,Thursday,July,2023,1,0.0,0.0,54.7,Partially cloudy,75.0,88.2,101.8,75.4,79.6,0.33,0.0,0.0,0,none,1013.6,100,0.0,0.0,9.8,115.7,06:38:56,21:02:54,82.0,88.5,75.4,7,9.4,24.2,10.8
2023-07-28,Friday,July,2023,2,0.0,0.0,33.6,"Rain, Partially cloudy",74.7,88.0,104.6,71.9,79.3,0.36,0.519,16.67,100,rain,1015.2,75,0.0,0.0,11.8,136.0,06:39:49,21:01:59,82.2,91.0,71.9,7,9.2,39.1,17.9
2023-07-29,Saturday,July,2023,7,2.0,70.0,52.1,"Rain, Partially cloudy",69.4,80.8,91.1,70.1,74.5,0.4,0.399,20.83,100,rain,1015.4,30,0.0,0.0,16.3,189.7,06:40:43,21:01:01,78.6,84.2,70.1,8,9.8,44.7,15.7
2023-07-30,Sunday,July,2023,7,3.0,54.99,37.1,Partially cloudy,64.4,76.8,85.3,66.7,68.3,0.43,0.0,0.0,0,none,1017.2,10,0.0,0.0,19.1,220.9,06:41:37,21:00:02,76.4,84.6,66.7,8,9.9,19.7,13.1
2023-07-31,Monday,July,2023,3,1.0,25.0,22.2,Partially cloudy,55.0,72.4,80.3,63.3,56.0,0.46,0.0,0.0,0,none,1019.5,10,0.0,0.0,18.0,209.0,06:42:31,20:59:02,72.5,80.8,63.3,8,9.9,19.7,10.2
2023-08-01,Tuesday,August,2023,6,2.0,23.0,20.8,Partially cloudy,56.5,71.9,81.6,61.3,60.4,0.5,0.0,0.0,0,none,1021.8,10,0.0,0.0,14.1,165.0,06:43:25,20:58:00,72.0,82.1,61.3,6,9.9,10.3,7.5
2023-08-02,Wednesday,August,2023,4,1.0,17.5,50.0,Partially cloudy,60.1,72.9,82.2,63.2,65.5,0.53,0.0,0.0,0,none,1019.7,10,0.0,0.0,12.0,137.2,06:44:20,20:56:56,72.8,81.6,63.2,7,9.9,18.3,9.1
2023-08-03,Thursday,August,2023,3,2.0,25.0,43.2,Partially cloudy,62.6,77.0,87.3,67.5,63.6,0.56,0.0,0.0,0,none,1014.7,10,0.0,0.0,16.4,189.1,06:45:15,20:55:51,76.6,86.5,67.5,7,9.8,11.4,7.9
2023-08-04,Friday,August,2023,2,0.0,0.0,28.8,Partially cloudy,64.9,79.0,90.3,67.3,65.7,0.6,0.0,0.0,0,none,1014.1,10,0.0,0.0,15.4,177.0,06:46:11,20:54:45,78.3,89.0,67.3,7,9.6,9.2,8.2
2023-08-05,Saturday,August,2023,8,1.0,3.0,67.2,"Rain, Partially cloudy",67.6,79.3,89.6,71.3,70.9,0.63,0.002,8.33,100,rain,1012.8,10,0.0,0.0,6.7,77.9,06:47:06,20:53:37,78.1,87.0,71.3,5,9.8,27.5,15.2
2023-08-06,Sunday,August,2023,19,5.0,166.99,86.1,"Rain, Partially cloudy",66.3,72.3,78.6,66.2,82.0,0.67,0.023,12.5,100,rain,1009.9,10,0.0,0.0,4.3,51.0,06:48:02,20:52:28,72.3,78.6,66.2,4,9.7,23.0,15.4
2023-08-07,Monday,August,2023,4,2.0,22.0,89.9,"Rain, Partially cloudy",66.0,71.0,74.1,68.0,84.7,0.7,0.358,50.0,100,rain,1008.2,10,0.0,0.0,4.2,49.6,06:48:58,20:51:18,71.0,74.1,68.0,2,9.1,25.3,15.6
2023-08-08,Tuesday,August,2023,4,0.0,0.0,54.2,"Rain, Partially cloudy",62.8,70.6,81.5,61.7,77.8,0.75,0.358,16.67,100,rain,1013.7,30,0.0,0.0,12.8,147.3,06:49:54,20:50:06,70.6,80.2,61.7,7,9.4,32.2,11.5
2023-08-09,Wednesday,August,2023,4,7.0,70.99,59.0,"Rain, Partially cloudy",66.2,70.1,82.9,63.9,88.6,0.77,1.44,37.5,100,rain,1011.2,30,0.0,0.0,4.9,56.1,06:50:50,20:48:53,70.0,80.0,63.9,3,7.9,29.9,15.0
2023-08-10,Thursday,August,2023,6,2.0,14.0,73.3,"Rain, Partially cloudy",64.8,72.2,81.9,66.0,79.5,0.8,0.012,8.33,100,rain,1008.6,10,0.0,0.0,10.0,116.2,06:51:46,20:47:38,72.1,80.5,66.0,6,9.2,18.3,11.5
2023-08-11,Friday,August,2023,4,0.0,0.0,41.9,Partially cloudy,67.2,75.9,86.9,65.9,78.0,0.84,0.0,0.0,0,none,1010.3,60,0.0,0.0,8.2,93.4,06:52:43,20:46:23,74.9,83.5,65.9,6,9.8,24.6,13.4
2023-08-12,Saturday,August,2023,6,3.0,60.0,53.6,"Rain, Partially cloudy",70.2,79.5,90.8,72.0,78.7,0.87,0.064,29.17,100,rain,1010.6,60,0.0,0.0,16.7,192.3,06:53:39,20:45:06,77.7,86.0,72.0,9,9.8,26.6,15.7
2023-08-13,Sunday,August,2023,4,1.0,25.0,35.6,Partially cloudy,63.5,76.1,85.5,64.7,68.9,0.91,0.0,0.0,0,none,1015.1,10,0.0,0.0,13.7,159.4,06:54:35,20:43:49,75.8,85.4,64.7,7,9.5,11.4,7.5
2023-08-14,Monday,August,2023,1,0.0,0.0,90.0,"Rain, Partially cloudy",67.3,72.2,77.2,68.5,85.2,0.94,0.736,50.0,100,rain,1011.4,30,0.0,0.0,1.8,21.0,06:55:32,20:42:30,72.2,77.2,68.5,1,8.9,19.5,10.3
2023-08-15,Tuesday,August,2023,5,2.0,9.0,72.4,"Rain, Partially cloudy",61.3,67.3,71.9,63.0,81.5,0.97,0.006,8.33,100,rain,1012.7,10,0.0,0.0,4.5,52.0,06:56:28,20:41:10,67.3,71.9,63.0,3,9.9,27.7,15.4
2023-08-16,Wednesday,August,2023,1,0.0,0.0,14.2,Clear,56.3,68.8,78.6,58.0,67.3,0.0,0.0,0.0,0,none,1016.4,10,0.0,0.0,15.8,181.5,06:57:25,20:39:49,68.8,78.6,58.0,7,9.8,9.2,7.5
2023-08-17,Thursday,August,2023,6,2.0,34.99,38.3,"Rain, Partially cloudy",60.8,68.7,76.3,61.0,76.4,0.04,0.105,25.0,100,rain,1010.4,10,0.0,0.0,7.0,79.3,06:58:21,20:38:27,68.7,76.3,61.0,5,9.5,31.1,16.9
2023-08-18,Friday,August,2023,5,7.0,87.48,26.6,Partially cloudy,56.0,67.1,75.8,57.4,69.3,0.08,0.0,0.0,0,none,1016.1,10,0.0,0.0,14.5,168.3,06:59:18,20:37:04,67.1,75.8,57.4,7,9.8,12.8,9.5
2023-08-19,Saturday,August,2023,3,1.0,20.0,25.5,Partially cloudy,58.6,69.3,79.4,58.7,70.7,0.11,0.0,0.0,0,none,1017.8,10,0.0,0.0,12.6,147.3,07:00:15,20:35:39,69.3,79.4,58.7,6,8.9,13.9,9.5
2023-08-20,Sunday,August,2023,3,2.0,43.0,48.2,Partially cloudy,68.8,81.7,99.2,65.3,75.2,0.15,0.0,0.0,0,none,1017.5,75,0.0,0.0,13.6,157.4,07:01:11,20:34:15,77.5,89.0,65.3,7,9.9,11.4,10.1
2023-08-21,Monday,August,2023,3,3.0,55.0,69.3,Partially cloudy,74.8,89.7,102.5,76.1,75.9,0.18,0.0,0.0,0,none,1019.8,75,0.0,0.0,12.6,146.0,07:02:07,20:32:49,83.7,91.2,76.1,6,9.5,8.1,8.1
2023-08-22,Tuesday,August,2023,2,6.0,33.0,39.2,Partially cloudy,71.4,84.1,93.0,74.0,73.1,0.21,0.0,0.0,0,none,1020.5,15,0.0,0.0,12.7,147.7,07:03:04,20:31:22,81.1,87.6,74.0,6,9.1,13.9,9.3
2023-08-23,Wednesday,August,2023,6,3.0,25.0,36.9,Partially cloudy,71.1,85.6,103.3,70.4,74.2,0.25,0.0,0.0,0,none,1017.3,100,0.0,0.0,11.9,135.9,07:04:00,20:29:54,80.2,90.0,70.4,6,9.6,15.0,11.9
2023-08-24,Thursday,August,2023,7,0.0,0.0,47.7,Partially cloudy,77.3,93.3,109.2,78.5,79.7,0.25,0.0,0.0,0,none,1013.0,100,0.0,0.0,13.2,151.5,07:04:57,20:28:26,84.5,92.4,78.5,7,7.8,23.2,13.8
2023-08-25,Friday,August,2023,5,6.0,40.0,36.9,Partially cloudy,76.2,93.5,108.2,79.4,76.2,0.32,0.0,0.0,0,none,1011.9,100,0.0,0.0,9.3,108.6,07:05:53,20:26:57,84.7,91.0,79.4,6,9.5,18.3,12.1
2023-08-26,Saturday,August,2023,8,2.0,30.0,65.6,"Rain, Partially cloudy",69.5,79.3,88.3,71.8,76.7,0.35,0.007,4.17,100,rain,1013.1,30,0.0,0.0,8.7,102.5,07:06:49,20:25:27,77.9,84.4,71.8,8,9.9,22.6,12.6
2023-08-27,Sunday,August,2023,5,15.0,245.95,54.0,Partially cloudy,62.3,72.0,79.9,67.2,73.0,0.38,0.0,0.0,0,none,1014.9,10,0.0,0.0,10.0,117.0,07:07:45,20:23:56,72.0,79.9,67.2,7,9.9,18.3,12.0
2023-08-28,Monday,August,2023,3,1.0,15.0,15.7,Clear,54.5,69.1,79.5,58.7,62.3,0.42,0.0,0.0,0,none,1015.5,10,0.0,0.0,13.2,152.8,07:08:42,20:22:25,69.1,79.5,58.7,7,9.9,17.2,11.1
2023-08-29,Tuesday,August,2023,1,0.0,0.0,32.5,"Rain, Partially cloudy",56.7,70.2,81.3,56.9,64.6,0.45,0.001,4.17,100,rain,1013.4,10,0.0,0.0,13.1,152.8,07:09:38,20:20:53,70.2,81.0,56.9,7,9.9,16.1,8.2
2023-08-30,Wednesday,August,2023,1,0.0,0.0,34.0,Partially cloudy,54.7,67.4,73.9,59.9,64.7,0.5,0.0,0.0,0,none,1014.7,10,0.0,0.0,9.8,111.3,07:10:34,20:19:21,67.4,73.9,59.9,8,9.9,28.9,15.3
2023-08-31,Thursday,August,2023,7,2.0,45.0,3.7,Clear,51.0,65.4,76.5,54.2,63.3,0.52,0.0,0.0,0,none,1018.3,10,0.0,0.0,12.1,140.5,07:11:30,20:17:48,65.4,76.5,54.2,7,9.9,21.9,12.2
2023-09-01,Friday,September,2023,14,3.0,90.0,3.8,Clear,55.5,69.8,82.0,56.2,62.8,0.55,0.0,0.0,0,none,1021.4,10,0.0,0.0,12.0,138.3,07:12:26,20:16:14,69.8,82.6,56.2,7,9.9,18.3,8.8
2023-09-02,Saturday,September,2023,11,1.0,27.5,22.0,Partially cloudy,64.8,76.6,90.5,62.8,71.1,0.59,0.0,0.0,0,none,1020.0,10,0.0,0.0,11.3,130.6,07:13:22,20:14:40,75.4,87.7,62.8,7,9.8,18.3,11.4
2023-09-03,Sunday,September,2023,0,0.0,0.0,20.7,Partially cloudy,69.2,80.1,91.7,70.4,74.9,0.62,0.0,0.0,0,none,1017.3,10,0.0,0.0,10.7,126.5,07:14:17,20:13:05,78.5,87.3,70.4,7,9.9,20.8,12.5
2023-09-04,Monday,September,2023,0,0.0,0.0,30.6,Partially cloudy,68.1,80.6,94.8,67.5,72.2,0.65,0.0,0.0,0,none,1015.1,10,0.0,0.0,10.3,120.0,07:15:13,20:11:30,78.3,89.4,67.5,6,9.9,19.8,11.2
2023-09-05,Tuesday,September,2023,3,2.0,18.0,43.4,"Rain, Partially cloudy",68.5,80.9,92.6,72.2,71.0,0.69,0.041,12.5,100,rain,1014.5,30,0.0,0.0,6.5,73.3,07:16:09,20:09:54,79.2,88.6,72.2,6,9.7,25.3,11.3
2023-09-06,Wednesday,September,2023,1,0.0,0.0,74.5,"Rain, Partially cloudy",67.8,76.5,88.2,70.0,77.9,0.75,0.225,8.33,100,rain,1011.3,30,0.0,0.0,7.6,85.9,07:17:05,20:08:18,75.5,83.9,70.0,8,9.8,26.0,14.2
2023-09-07,Thursday,September,2023,5,0.0,0.0,94.3,"Rain, Overcast",64.0,69.0,73.7,66.0,84.2,0.75,0.01,12.5,100,rain,1011.5,10,0.0,0.0,3.7,42.1,07:18:01,20:06:41,69.0,73.7,66.0,2,9.1,15.0,11.6
2023-09-08,Friday,September,2023,17,3.0,38.0,92.9,Overcast,59.2,67.3,74.0,62.5,76.0,0.79,0.0,0.0,0,none,1016.3,10,0.0,0.0,7.3,85.2,07:18:57,20:05:04,67.3,74.0,62.5,7,9.9,17.2,12.6
2023-09-09,Saturday,September,2023,9,18.0,261.0,82.1,"Rain, Partially cloudy",60.6,67.3,75.7,63.5,80.2,0.82,0.047,20.83,100,rain,1019.1,10,0.0,0.0,3.0,34.4,07:19:52,20:03:27,67.3,75.7,63.5,2,9.3,17.2,11.9
2023-09-10,Sunday,September,2023,11,10.0,203.0,29.7,Partially cloudy,57.6,67.7,78.6,57.6,72.2,0.85,0.0,0.0,0,none,1019.9,10,0.0,0.0,6.8,78.8,07:20:48,20:01:50,67.7,78.6,57.6,6,9.3,10.3,7.8
2023-09-11,Monday,September,2023,0,0.0,0.0,37.6,"Rain, Partially cloudy",58.2,69.0,80.6,58.4,70.9,0.89,0.012,12.5,100,rain,1018.4,10,0.0,0.0,8.2,96.0,07:21:44,20:00:12,69.0,80.1,58.4,6,9.8,11.4,8.8
2023-09-12,Tuesday,September,2023,9,4.0,11.5,76.9,"Rain, Partially cloudy",58.9,66.8,73.2,61.8,76.6,0.92,0.034,16.67,100,rain,1016.8,10,0.0,0.0,2.9,34.0,07:22:40,19:58:34,66.8,73.2,61.8,2,9.8,12.8,10.9
2023-09-13,Wednesday,September,2023,2,1.0,5.0,22.8,Partially cloudy,51.2,63.0,74.9,51.8,68.4,0.95,0.0,0.0,0,none,1018.5,10,0.0,0.0,6.6,75.8,07:23:35,19:56:56,63.0,74.9,51.8,6,9.8,18.3,8.8
2023-09-14,Thursday,September,2023,4,0.0,0.0,24.5,Partially cloudy,49.3,63.2,75.1,51.7,64.4,0.0,0.0,0.0,0,none,1020.1,10,0.0,0.0,7.4,85.9,07:24:31,19:55:17,63.2,75.1,51.7,6,9.8,10.3,9.0
2023-09-15,Friday,September,2023,5,5.0,46.989999999999995,4.8,Clear,48.2,64.9,76.5,53.0,57.4,0.02,0.0,0.0,0,none,1020.1,10,0.0,0.0,7.3,86.1,07:25:27,19:53:39,64.9,76.5,53.0,6,9.9,10.3,8.9
2023-09-16,Saturday,September,2023,11,2.0,16.5,45.3,Partially cloudy,50.8,62.6,71.2,54.4,66.6,0.06,0.0,0.0,0,none,1017.5,10,0.0,0.0,3.6,40.4,07:26:23,19:52:00,62.6,71.2,54.4,3,9.9,10.3,4.1
2023-09-17,Sunday,September,2023,12,4.0,52.0,71.6,"Rain, Partially cloudy",55.0,62.2,71.6,54.8,78.6,0.09,0.021,16.67,100,rain,1013.4,10,0.0,0.0,4.2,49.6,07:27:19,19:50:21,62.2,71.6,54.8,4,8.8,11.4,12.3
2023-09-18,Monday,September,2023,0,0.0,0.0,27.2,Partially cloudy,51.6,62.3,71.4,53.7,70.7,0.13,0.0,0.0,0,none,1016.4,10,0.0,0.0,4.2,49.3,07:28:15,19:48:42,62.3,71.4,53.7,6,9.8,19.7,11.3
2023-09-19,Tuesday,September,2023,8,4.0,34.0,29.2,Partially cloudy,49.2,64.2,76.4,51.8,62.2,0.16,0.0,0.0,0,none,1018.0,10,0.0,0.0,5.9,69.3,07:29:12,19:47:04,64.2,76.4,51.8,5,9.6,16.1,9.1
2023-09-20,Wednesday,September,2023,0,0.0,0.0,43.6,Partially cloudy,52.0,68.4,81.0,54.9,58.0,0.2,0.0,0.0,0,none,1018.6,10,0.0,0.0,6.6,78.0,07:30:08,19:45:25,68.5,81.7,54.9,5,9.9,21.1,13.4
2023-09-21,Thursday,September,2023,5,7.0,60.0,51.2,Partially cloudy,56.5,71.1,79.7,64.3,60.8,0.23,0.0,0.0,0,none,1021.2,10,0.0,0.0,3.5,41.8,07:31:04,19:43:46,71.1,79.7,64.3,2,9.9,12.8,8.0
2023-09-22,Friday,September,2023,4,1.0,20.0,33.0,Partially cloudy,55.5,71.0,81.7,59.3,60.0,0.25,0.0,0.0,0,none,1020.4,10,0.0,0.0,5.5,66.5,07:32:01,19:42:07,71.1,82.1,59.3,5,9.9,15.0,8.4
2023-09-23,Saturday,September,2023,11,1.0,12.0,22.1,Partially cloudy,48.3,68.1,78.7,56.6,52.6,0.3,0.0,0.0,0,none,1017.4,10,0.0,0.0,5.1,60.0,07:32:58,19:40:28,68.1,78.7,56.6,6,9.9,20.5,12.7
2023-09-24,Sunday,September,2023,12,6.0,52.99,23.0,Partially cloudy,49.3,66.7,80.2,53.1,56.1,0.33,0.0,0.0,0,none,1015.9,10,0.0,0.0,5.9,66.8,07:33:54,19:38:49,66.8,81.4,53.1,4,9.9,13.9,7.2
2023-09-25,Monday,September,2023,3,3.0,18.5,32.3,Partially cloudy,56.5,70.2,82.0,60.2,64.4,0.37,0.0,0.0,0,none,1017.5,10,0.0,0.0,4.7,56.1,07:34:51,19:37:11,70.3,83.0,60.2,5,9.9,16.1,11.6
2023-09-26,Tuesday,September,2023,4,3.0,36.0,61.9,"Rain, Partially cloudy",59.6,67.3,79.5,61.4,77.6,0.4,0.063,12.5,100,rain,1018.8,10,0.0,0.0,2.8,33.2,07:35:49,19:35:33,67.3,79.5,61.4,2,9.8,35.7,14.9
2023-09-27,Wednesday,September,2023,5,0.0,0.0,87.0,"Rain, Partially cloudy",61.1,66.5,74.5,62.9,83.8,0.44,0.889,33.33,100,rain,1017.4,10,0.0,0.0,2.7,30.0,07:36:46,19:33:54,66.5,74.5,62.9,2,9.1,15.0,9.7
2023-09-28,Thursday,September,2023,9,4.0,63.0,73.9,"Rain, Partially cloudy",61.3,65.8,74.4,61.7,86.5,0.47,0.026,16.67,100,rain,1016.5,10,0.0,0.0,2.4,28.9,07:37:43,19:32:16,65.8,74.4,61.7,2,6.6,9.2,7.2
2023-09-29,Friday,September,2023,5,4.0,61.0,53.0,"Rain, Partially cloudy",58.9,66.6,75.7,59.0,78.4,0.5,0.005,4.17,100,rain,1019.3,10,0.0,0.0,2.7,31.9,07:38:41,19:30:39,66.6,75.7,59.0,2,7.3,9.2,8.1
2023-09-30,Saturday,September,2023,11,8.0,89.99000000000001,8.9,Clear,57.5,68.6,81.7,55.6,70.9,0.54,0.0,0.0,0,none,1022.4,10,0.0,0.0,16.2,187.8,07:39:39,19:29:01,68.6,82.1,55.6,8,8.8,10.3,7.0
2023-10-01,Sunday,October,2023,7,2.0,45.0,5.9,Clear,57.9,70.6,83.1,58.2,67.1,0.57,0.0,0.0,0,none,1024.4,10,0.0,0.0,15.3,176.8,07:40:37,19:27:24,70.6,83.9,58.2,7,9.8,19.7,6.9
2023-10-02,Monday,October,2023,2,3.0,20.0,4.9,Clear,57.4,71.3,83.2,59.8,64.6,0.61,0.0,0.0,0,none,1022.9,10,0.0,0.0,14.3,165.9,07:41:35,19:25:47,71.4,84.1,59.8,7,9.9,9.2,5.8
2023-10-03,Tuesday,October,2023,0,9.0,111.99000000000001,8.6,Clear,57.2,71.7,84.4,59.1,62.6,0.64,0.0,0.0,0,none,1020.3,10,0.0,0.0,1.7,20.0,07:42:34,19:24:11,71.8,85.6,59.1,1,9.8,11.4,11.0
2023-10-04,Wednesday,October,2023,4,1.0,40.0,43.6,Partially cloudy,57.1,72.4,82.6,62.6,60.8,0.67,0.0,0.0,0,none,1017.5,10,0.0,0.0,2.7,31.4,07:43:33,19:22:35,72.6,83.4,62.6,1,9.9,22.8,13.8
2023-10-05,Thursday,October,2023,4,1.0,2.0,85.1,"Rain, Partially cloudy",60.3,66.0,69.6,62.6,82.8,0.7,0.797,37.5,100,rain,1015.4,10,0.0,0.0,1.1,12.8,07:44:32,19:20:59,66.0,69.6,62.6,1,8.2,20.8,10.9
2023-10-06,Friday,October,2023,12,3.0,8.5,37.6,"Rain, Partially cloudy",46.9,59.3,68.2,43.3,66.7,0.75,0.004,4.17,100,rain,1015.9,10,0.0,0.0,1.7,19.5,07:45:31,19:19:24,59.8,68.2,47.0,1,9.7,38.3,23.6
2023-10-07,Saturday,October,2023,12,4.0,125.0,21.6,Partially cloudy,36.5,48.8,60.2,38.7,59.7,0.77,0.0,0.0,0,none,1019.0,10,0.0,0.0,1.6,18.1,07:46:31,19:17:50,51.3,60.2,44.4,1,9.9,29.7,19.2
2023-10-08,Sunday,October,2023,7,3.0,112.0,77.0,Partially cloudy,36.8,47.2,54.6,38.0,63.2,0.8,0.0,0.0,0,none,1014.9,10,0.0,0.0,2.3,25.7,07:47:31,19:16:16,49.1,54.6,42.8,1,9.9,25.5,15.0
2023-10-09,Monday,October,2023,4,3.0,37.0,72.5,"Rain, Partially cloudy",37.9,52.0,60.6,42.6,61.2,0.83,0.005,4.17,100,rain,1009.7,10,0.0,0.0,1.9,21.0,07:48:31,19:14:42,52.2,60.6,42.6,1,9.9,20.8,13.2
2023-10-10,Tuesday,October,2023,12,8.0,70.0,8.5,Clear,34.9,50.1,63.0,36.0,56.7,0.87,0.0,0.0,0,none,1010.5,10,0.0,0.0,1.6,18.6,07:49:31,19:13:09,51.4,63.0,40.5,1,9.9,28.0,14.9
2023-10-11,Wednesday,October,2023,3,0.0,0.0,46.6,"Rain, Partially cloudy",40.8,54.1,68.4,39.8,63.5,0.9,0.005,4.17,100,rain,1010.7,10,0.0,0.0,3.0,33.5,07:50:32,19:11:37,54.2,68.4,39.8,2,9.9,19.3,10.5
2023-10-12,Thursday,October,2023,9,0.0,0.0,34.0,Partially cloudy,50.0,63.5,77.1,51.5,62.7,0.93,0.0,0.0,0,none,1010.2,10,0.0,0.0,1.8,18.4,07:51:33,19:10:05,63.5,77.1,51.5,1,9.9,13.9,10.3
2023-10-13,Friday,October,2023,5,1.0,20.0,54.7,"Rain, Partially cloudy",52.5,62.2,73.7,53.1,71.8,0.96,0.415,20.83,100,rain,1010.4,10,0.0,0.0,2.7,30.7,07:52:35,19:08:35,62.2,73.7,53.1,2,9.2,19.5,10.7
2023-10-14,Saturday,October,2023,5,8.0,216.0,95.2,"Rain, Overcast",52.1,55.9,64.1,51.1,87.3,0.0,0.107,25.0,100,rain,1007.0,10,0.0,0.0,1.7,20.1,07:53:37,19:07:04,55.9,64.1,51.1,1,9.4,23.0,14.2
2023-10-15,Sunday,October,2023,5,4.0,21.5,92.3,"Rain, Overcast",43.1,48.9,56.1,41.9,75.3,0.03,0.03,8.33,100,rain,1015.1,10,0.0,0.0,2.6,29.2,07:54:39,19:05:35,51.0,56.1,46.4,1,9.4,26.4,15.0
2023-10-16,Monday,October,2023,5,1.0,13.0,98.6,"Rain, Overcast",44.2,48.7,55.5,42.7,79.1,0.07,0.062,16.67,100,rain,1015.7,10,0.0,0.0,2.8,32.8,07:55:41,19:04:06,50.7,55.5,47.0,1,9.7,20.8,12.4
2023-10-17,Tuesday,October,2023,7,4.0,13.0,78.7,Partially cloudy,43.7,52.3,61.0,46.4,72.1,0.1,0.0,0.0,0,none,1018.3,10,0.0,0.0,2.4,28.0,07:56:44,19:02:39,52.9,61.0,48.8,1,9.9,10.3,9.0
2023-10-18,Wednesday,October,2023,1,1.0,2.5,35.0,Partially cloudy,44.5,52.8,65.6,39.7,73.1,0.14,0.0,0.0,0,none,1017.1,10,0.0,0.0,2.9,32.3,07:57:47,19:01:12,53.9,65.6,42.5,1,9.6,27.6,15.5
2023-10-19,Thursday,October,2023,3,13.0,102.25,93.8,"Rain, Overcast",50.5,55.2,57.3,52.7,84.9,0.17,0.31,50.0,100,rain,1009.3,10,0.0,0.0,1.0,10.1,07:58:51,18:59:46,55.2,57.3,52.7,0,8.8,23.0,12.0
2023-10-20,Friday,October,2023,2,3.0,8.0,81.6,"Rain, Partially cloudy",47.7,53.0,57.0,42.9,82.2,0.21,0.068,16.67,100,rain,1005.0,10,0.0,0.0,1.9,23.0,07:59:54,18:58:21,53.2,57.0,46.0,1,9.3,28.7,18.2
2023-10-21,Saturday,October,2023,5,3.0,22.0,24.8,Partially cloudy,43.6,53.5,72.6,39.1,70.7,0.25,0.0,0.0,0,none,1006.0,10,0.0,0.0,2.1,23.8,08:00:58,18:56:57,54.6,72.6,40.8,1,9.9,33.8,21.8
2023-10-22,Sunday,October,2023,7,12.0,284.0,46.2,Partially cloudy,38.4,49.4,57.8,41.6,63.4,0.28,0.0,0.0,0,none,1017.2,10,0.0,0.0,1.4,17.1,08:02:03,18:55:34,51.1,57.8,44.8,1,9.9,24.6,18.2
2023-10-23,Monday,October,2023,4,1.0,50.0,9.8,Clear,37.9,51.2,68.0,34.3,63.2,0.32,0.0,0.0,0,none,1021.2,10,0.0,0.0,1.4,16.8,08:03:08,18:54:12,51.7,68.0,37.4,1,9.8,17.2,9.6
2023-10-24,Tuesday,October,2023,5,7.0,32.0,28.4,Partially cloudy,46.8,61.8,75.9,46.4,58.8,0.35,0.0,0.0,0,none,1020.9,10,0.0,0.0,2.4,28.1,08:04:13,18:52:51,62.0,75.9,48.4,2,9.9,23.0,12.4
2023-10-25,Wednesday,October,2023,6,1.0,10.0,68.8,Partially cloudy,51.4,66.6,72.4,62.0,58.0,0.39,0.0,0.0,0,none,1020.8,10,0.0,0.0,3.0,35.0,08:05:18,18:51:31,66.6,72.4,62.0,2,9.9,27.5,15.3
2023-10-26,Thursday,October,2023,1,3.0,16.0,55.0,Partially cloudy,55.6,67.6,74.9,58.9,65.9,0.42,0.0,0.0,0,none,1019.0,10,0.0,0.0,2.8,31.5,08:06:24,18:50:12,67.6,74.9,58.9,1,9.9,27.6,17.9
2023-10-27,Friday,October,2023,6,12.0,192.5,78.8,"Rain, Partially cloudy",61.0,69.5,75.8,65.0,74.8,0.46,0.006,8.33,100,rain,1017.1,10,0.0,0.0,2.5,30.8,08:07:30,18:48:55,69.5,75.8,65.0,1,9.9,30.7,14.5
2023-10-28,Saturday,October,2023,12,7.0,118.0,99.6,"Rain, Overcast",48.2,54.0,69.4,43.9,79.9,0.5,0.179,41.67,100,rain,1021.1,10,0.0,0.0,3.1,36.3,08:08:37,18:47:38,54.6,69.4,48.9,2,9.2,18.3,14.5
2023-10-29,Sunday,October,2023,3,2.0,31.0,100.0,"Rain, Overcast",47.8,47.7,51.1,42.8,93.8,0.53,0.489,62.5,100,rain,1017.4,10,0.0,0.0,1.1,12.4,08:09:43,18:46:23,49.5,51.1,47.0,1,7.4,13.9,10.3
2023-10-30,Monday,October,2023,2,4.0,16.0,67.0,"Rain, Partially cloudy",32.7,34.6,40.9,26.5,74.0,0.56,0.146,16.67,100,rain,1020.7,10,0.0,0.0,2.4,28.2,08:10:50,18:45:10,41.2,46.1,33.2,1,9.7,22.6,16.9
2023-10-31,Tuesday,October,2023,0,0.0,0.0,44.4,Partially cloudy,23.5,25.7,31.3,20.6,68.9,0.59,0.0,0.0,0,none,1022.5,10,0.0,0.0,2.2,25.4,08:11:58,18:43:57,33.1,40.1,25.8,2,9.9,32.6,19.0
2023-11-01,Wednesday,November,2023,1,1.0,8.0,52.5,Partially cloudy,27.1,32.2,44.9,23.2,71.2,0.62,0.0,0.0,0,none,1028.0,10,0.0,0.0,3.2,35.5,08:13:05,18:42:46,36.2,45.4,29.9,3,9.8,24.2,13.0
2023-11-02,Thursday,November,2023,5,26.0,164.0,12.1,Clear,26.1,37.1,54.6,25.1,58.8,0.65,0.0,0.0,0,none,1027.4,10,0.0,0.0,2.3,25.7,08:14:13,18:41:37,41.0,54.6,30.8,2,9.9,26.9,14.9
2023-11-03,Friday,November,2023,2,3.0,39.0,27.2,Partially cloudy,24.9,46.8,60.2,31.5,40.6,0.69,0.0,0.0,0,none,1023.1,10,0.0,0.0,2.4,26.1,08:15:21,18:40:28,49.1,60.2,36.7,2,9.9,31.8,18.0
2023-11-04,Saturday,November,2023,8,6.0,139.99,57.4,Partially cloudy,36.3,56.2,64.6,46.9,47.8,0.72,0.0,0.0,0,none,1020.1,10,0.0,0.0,3.0,34.7,08:16:29,18:39:22,56.3,64.6,49.6,3,9.9,23.0,12.1
2023-11-05,Sunday,November,2023,7,7.0,50.0,21.9,Partially cloudy,36.9,47.4,61.7,36.9,68.5,0.75,0.0,0.0,0,none,1021.5,10,0.0,0.0,2.4,26.7,07:17:37,17:38:16,48.5,61.7,37.8,3,7.7,12.8,5.6
2023-11-06,Monday,November,2023,2,0.0,0.0,58.7,Partially cloudy,44.2,57.8,74.4,39.9,59.0,0.78,0.0,0.0,0,none,1012.1,10,0.0,0.0,3.4,38.7,07:18:46,17:37:13,58.9,74.4,42.6,3,9.9,35.9,20.1
2023-11-07,Tuesday,November,2023,7,8.0,86.0,37.6,Partially cloudy,47.7,58.9,68.7,50.2,68.7,0.82,0.0,0.0,0,none,1013.6,10,0.0,0.0,3.4,39.5,07:19:54,17:36:11,58.9,68.7,50.2,2,9.4,13.9,10.3
2023-11-08,Wednesday,November,2023,4,3.0,55.0,71.3,Partially cloudy,52.1,64.3,78.2,51.0,65.3,0.85,0.0,0.0,0,none,1009.1,10,0.0,0.0,3.8,46.1,07:21:03,17:35:10,64.3,78.2,51.0,3,9.9,34.6,19.8
2023-11-09,Thursday,November,2023,5,5.0,50.0,69.9,"Rain, Partially cloudy",40.0,54.0,66.0,48.1,62.3,0.88,0.115,8.33,100,rain,1016.9,10,0.0,0.0,4.2,49.0,07:22:12,17:34:11,54.0,66.0,48.1,5,9.4,30.3,17.2
2023-11-10,Friday,November,2023,7,2.0,12.559999999999999,22.6,Partially cloudy,30.7,45.8,56.6,31.9,52.4,0.91,0.0,0.0,0,none,1022.8,10,0.0,0.0,4.2,50.3,07:23:21,17:33:14,47.8,56.6,37.6,3,9.9,21.9,14.5
2023-11-11,Saturday,November,2023,5,6.0,68.0,19.1,Clear,27.8,37.9,51.5,27.9,60.7,0.95,0.0,0.0,0,none,1030.0,10,0.0,0.0,6.9,78.0,07:24:30,17:32:18,41.2,51.5,32.4,5,9.9,10.3,10.1
2023-11-12,Sunday,November,2023,7,4.0,55.99,19.5,Clear,31.4,42.5,56.1,31.2,59.7,0.98,0.0,0.0,0,none,1029.2,10,0.0,0.0,4.1,47.6,07:25:39,17:31:25,45.1,56.1,36.9,3,9.8,17.2,12.0
2023-11-13,Monday,November,2023,2,4.0,40.0,8.0,Clear,30.0,47.0,63.6,33.7,53.9,0.0,0.0,0.0,0,none,1028.0,10,0.0,0.0,3.8,44.3,07:26:47,17:30:33,48.1,63.6,35.9,3,9.9,23.0,14.2
2023-11-14,Tuesday,November,2023,3,0.0,0.0,13.3,Clear,26.8,46.1,61.1,32.4,50.6,0.05,0.0,0.0,0,none,1028.7,10,0.0,0.0,3.9,45.1,07:27:56,17:29:43,46.5,61.1,32.4,3,9.8,12.8,10.9
2023-11-15,Wednesday,November,2023,6,4.0,28.0,12.1,Clear,28.8,47.8,65.1,33.5,48.8,0.08,0.0,0.0,0,none,1024.4,10,0.0,0.0,3.7,42.4,07:29:05,17:28:54,48.5,65.1,35.3,3,9.9,16.1,10.2
2023-11-16,Thursday,November,2023,7,3.0,24.0,34.9,Partially cloudy,40.5,52.4,65.3,34.4,63.8,0.12,0.0,0.0,0,none,1020.1,10,0.0,0.0,3.2,36.6,07:30:13,17:28:08,52.6,65.3,37.6,2,9.9,20.8,13.4
2023-11-17,Friday,November,2023,4,2.0,10.0,83.6,"Rain, Partially cloudy",49.8,53.1,60.6,32.1,84.8,0.15,0.363,45.83,100,rain,1012.4,10,0.0,0.0,1.8,21.3,07:31:22,17:27:23,54.5,60.6,39.4,2,8.5,24.2,14.1
2023-11-18,Saturday,November,2023,8,11.0,130.0,2.7,Clear,29.6,38.4,51.1,26.6,67.3,0.19,0.0,0.0,0,none,1018.2,10,0.0,0.0,3.4,40.3,07:32:30,17:26:41,40.4,51.1,31.4,3,9.9,16.1,12.1
2023-11-19,Sunday,November,2023,9,8.0,160.0,20.0,Clear,30.4,43.1,58.4,29.5,60.6,0.23,0.0,0.0,0,none,1017.4,10,0.0,0.0,3.2,37.2,07:33:37,17:26:00,44.4,58.4,32.6,2,9.9,13.9,7.1
2023-11-20,Monday,November,2023,4,0.0,0.0,76.1,"Rain, Partially cloudy",35.2,41.9,52.0,38.1,64.6,0.25,0.068,4.17,100,rain,1018.0,10,0.0,0.0,2.8,33.7,07:34:45,17:25:21,46.7,52.0,44.0,2,9.7,27.1,17.5
2023-11-21,Tuesday,November,2023,6,2.0,14.0,99.9,"Rain, Overcast",43.0,40.3,51.1,33.0,91.3,0.3,0.189,50.0,100,rain,1011.2,10,0.0,0.0,0.6,8.5,07:35:52,17:24:45,45.4,51.1,40.3,0,7.4,33.3,19.8
2023-11-22,Wednesday,November,2023,3,6.0,180.0,73.0,Partially cloudy,35.1,35.5,41.1,29.3,79.5,0.33,0.0,0.0,0,none,1016.5,10,0.0,0.0,3.5,39.8,07:36:59,17:24:10,41.1,45.8,35.5,3,9.7,20.8,12.6
2023-11-23,Thursday,November,2023,0,0.0,0.0,16.0,Clear,31.9,37.3,52.6,26.3,69.4,0.37,0.0,0.0,0,none,1017.7,10,0.0,0.0,4.8,54.9,07:38:05,17:23:37,41.9,52.6,33.6,4,9.9,23.0,12.8
2023-11-24,Friday,November,2023,4,17.0,353.0,41.1,Partially cloudy,24.3,28.2,33.0,23.3,63.2,0.4,0.0,0.0,0,none,1027.7,10,0.0,0.0,6.8,79.0,07:39:10,17:23:07,36.0,39.5,31.8,4,9.9,30.2,18.5
2023-11-25,Saturday,November,2023,12,8.0,119.0,48.2,Partially cloudy,22.1,28.9,41.0,21.2,63.0,0.44,0.0,0.0,0,none,1026.1,10,0.0,0.0,4.8,54.7,07:40:16,17:22:38,33.5,41.0,28.9,2,9.9,15.0,11.5
2023-11-26,Sunday,November,2023,2,1.0,10.0,83.3,"Snow, Rain, Partially cloudy",30.2,28.7,32.5,17.8,86.1,0.48,0.174,37.5,100,"rain,snow",1012.9,10,0.0,0.0,1.0,12.0,07:41:20,17:22:12,33.9,39.3,30.1,1,7.8,35.8,22.8
2023-11-27,Monday,November,2023,1,0.0,0.0,78.0,Partially cloudy,21.5,20.1,23.2,9.6,68.7,0.5,0.0,0.0,0,none,1018.1,10,0.0,0.0,2.9,34.2,07:42:24,17:21:48,30.8,33.7,24.1,2,9.9,32.5,20.2
2023-11-28,Tuesday,November,2023,4,4.0,14.0,60.3,Partially cloudy,10.4,10.6,18.9,4.1,64.1,0.54,0.0,0.0,0,none,1024.9,10,0.0,0.0,5.9,66.7,07:43:27,17:21:26,20.8,26.0,17.9,4,9.5,31.1,19.5
2023-11-29,Wednesday,November,2023,7,5.0,30.0,20.8,Partially cloudy,20.8,25.0,41.7,10.3,63.9,0.57,0.0,0.0,0,none,1017.8,10,0.0,0.0,2.2,26.0,07:44:29,17:21:06,32.0,46.9,19.5,2,9.9,24.2,14.0
2023-11-30,Thursday,November,2023,2,2.0,7.0,63.8,"Rain, Partially cloudy",31.7,41.7,57.0,26.8,62.9,0.61,0.005,4.17,100,rain,1014.7,10,0.0,0.0,2.8,33.7,07:45:31,17:20:49,44.5,57.0,33.0,3,9.9,31.8,19.2
2023-12-01,Friday,December,2023,7,2.0,2.0,100.0,"Rain, Overcast",41.9,42.5,47.2,36.5,86.4,0.64,0.325,50.0,100,rain,1010.6,10,0.0,0.0,0.6,7.5,07:46:31,17:20:33,46.4,50.0,42.5,0,4.4,34.6,14.8
2023-12-02,Saturday,December,2023,362,151.0,1694.72,94.5,Overcast,41.3,44.8,50.5,40.2,81.6,0.67,0.0,0.0,0,none,1013.9,10,0.0,0.0,1.7,17.5,07:47:31,17:20:20,46.7,50.5,43.2,1,9.8,21.9,12.2
2023-12-03,Sunday,December,2023,6,11.0,47.5,90.4,"Rain, Overcast",37.8,35.9,42.6,30.9,89.8,0.7,0.053,20.83,100,rain,1009.5,10,0.0,0.0,1.0,11.2,07:48:30,17:20:09,40.5,43.1,35.5,1,8.4,31.4,17.9
2023-12-04,Monday,December,2023,9,9.0,95.0,75.9,Partially cloudy,31.3,34.5,42.2,29.5,78.6,0.73,0.0,0.0,0,none,1014.9,10,0.0,0.0,2.7,30.6,07:49:27,17:20:00,37.5,44.3,32.6,2,9.9,10.3,8.7
2023-12-05,Tuesday,December,2023,0,7.0,115.0,99.7,"Rain, Overcast",35.1,34.2,40.0,29.1,86.0,0.75,0.042,29.17,100,rain,1017.2,10,0.0,0.0,1.4,14.5,07:50:24,17:19:54,39.0,43.0,35.5,1,8.5,21.9,13.7
2023-12-06,Wednesday,December,2023,2,0.0,0.0,80.9,Partially cloudy,29.3,28.9,32.4,24.8,79.0,0.8,0.0,0.0,0,none,1025.0,10,0.0,0.0,2.5,27.0,07:51:19,17:19:49,35.3,38.0,30.9,1,9.2,18.3,10.7
2023-12-07,Thursday,December,2023,1,2.0,44.0,39.6,Partially cloudy,33.0,38.7,54.7,24.3,67.3,0.83,0.0,0.0,0,none,1015.6,10,0.0,0.0,2.8,33.9,07:52:13,17:19:47,43.5,54.7,32.0,1,9.9,26.4,15.4
2023-12-08,Friday,December,2023,7,12.0,208.0,82.3,Partially cloudy,36.4,52.6,57.2,44.4,53.2,0.86,0.0,0.0,0,none,1011.2,10,0.0,0.0,2.7,30.9,07:53:06,17:19:48,53.2,57.2,49.6,1,9.9,31.2,16.4
2023-12-09,Saturday,December,2023,13,18.0,256.0,87.4,"Rain, Partially cloudy",45.5,52.1,62.3,35.9,75.7,0.9,0.067,25.0,100,rain,1010.4,10,0.0,0.0,2.2,24.5,07:53:58,17:19:50,53.1,62.3,42.5,2,9.7,33.3,19.4
2023-12-10,Sunday,December,2023,0,0.0,0.0,97.9,"Snow, Rain, Overcast",27.4,26.4,34.3,21.8,75.4,0.93,0.006,4.17,100,"rain,snow",1017.3,10,0.0,0.0,0.7,8.8,07:54:48,17:19:55,34.5,40.8,29.8,0,9.7,30.4,18.3
2023-12-11,Monday,December,2023,2,2.0,620.0,55.5,Partially cloudy,23.6,26.4,34.6,21.5,71.7,0.96,0.0,0.0,0,none,1022.8,10,0.0,0.0,2.1,24.8,07:55:37,17:20:02,31.9,38.0,29.4,1,9.9,13.9,9.8
2023-12-12,Tuesday,December,2023,1,2.0,42.0,6.6,Clear,24.9,30.5,44.0,22.4,63.5,0.0,0.0,0.0,0,none,1028.5,10,0.0,0.0,2.0,22.8,07:56:24,17:20:11,36.7,49.4,29.6,1,9.9,23.0,14.9
2023-12-13,Wednesday,December,2023,4,0.0,0.0,35.7,Partially cloudy,17.9,32.5,44.5,22.6,53.9,0.03,0.0,0.0,0,none,1038.6,10,0.0,0.0,2.0,24.1,07:57:10,17:20:22,34.3,44.5,28.6,1,9.9,8.1,6.3
2023-12-14,Thursday,December,2023,3,9.0,166.5,0.6,Clear,23.1,36.4,52.0,25.9,59.2,0.06,0.0,0.0,0,none,1039.2,10,0.0,0.0,2.1,24.2,07:57:54,17:20:35,37.0,52.0,25.9,1,9.9,6.9,6.1
2023-12-15,Friday,December,2023,2,3.0,60.0,28.9,Partially cloudy,24.1,39.9,55.1,30.7,53.0,0.1,0.0,0.0,0,none,1032.5,10,0.0,0.0,2.7,31.5,07:58:37,17:20:51,40.9,55.1,30.7,2,9.9,12.8,8.5
2023-12-16,Saturday,December,2023,7,1.0,14.99,75.5,"Rain, Partially cloudy",30.8,43.1,53.3,35.8,56.4,0.13,0.174,12.5,100,rain,1021.5,10,0.0,0.0,1.7,21.4,07:59:17,17:21:09,46.1,53.3,39.7,1,9.5,18.3,12.9
2023-12-17,Sunday,December,2023,6,4.0,49.980000000000004,100.0,"Rain, Overcast",41.5,39.2,45.5,31.0,93.1,0.17,0.209,41.67,100,rain,1012.3,10,0.0,0.0,1.2,13.9,07:59:57,17:21:29,43.4,45.6,39.2,1,6.5,23.0,14.4
2023-12-18,Monday,December,2023,3,1.0,14.99,81.6,"Snow, Rain, Partially cloudy",23.9,21.1,30.9,14.2,71.6,0.2,0.005,4.17,100,"rain,snow",1012.4,10,0.4,0.0,2.1,23.0,08:00:34,17:21:51,32.2,38.4,25.4,1,9.2,38.9,26.7
2023-12-19,Tuesday,December,2023,6,5.0,121.0,24.2,Partially cloudy,15.0,19.8,29.1,8.7,61.8,0.25,0.0,0.0,0,none,1026.8,10,0.0,0.0,2.6,29.2,08:01:10,17:22:15,26.9,35.8,17.7,2,9.9,21.9,11.2
2023-12-20,Wednesday,December,2023,3,5.0,60.0,39.8,Partially cloudy,18.4,31.4,45.2,19.1,49.1,0.28,0.0,0.0,0,none,1028.4,10,0.0,0.0,2.5,28.4,08:01:43,17:22:42,36.8,49.4,26.5,1,9.9,16.1,11.8
2023-12-21,Thursday,December,2023,3,0.0,0.0,66.4,Partially cloudy,25.5,39.9,50.0,31.8,53.0,0.31,0.0,0.0,0,none,1028.1,10,0.0,0.0,2.2,25.4,08:02:15,17:23:10,41.5,50.0,34.4,1,9.9,11.4,7.2
2023-12-22,Friday,December,2023,13,7.0,89.0,99.4,"Rain, Overcast",31.4,43.3,51.0,37.6,57.9,0.35,0.022,8.33,100,rain,1024.0,10,0.0,0.0,1.8,20.9,08:02:45,17:23:40,45.6,51.0,41.0,2,9.8,15.0,7.7
2023-12-23,Saturday,December,2023,19,32.0,393.68,100.0,"Rain, Overcast",45.7,44.3,48.2,40.5,93.4,0.38,0.194,37.5,100,rain,1022.2,10,0.0,0.0,1.1,11.6,08:03:13,17:24:13,47.5,49.9,45.3,1,3.5,18.3,10.2
2023-12-24,Sunday,December,2023,4,7.0,112.0,85.2,"Rain, Partially cloudy",48.7,51.3,61.0,44.3,89.3,0.42,0.011,8.33,100,rain,1022.5,10,0.0,0.0,1.8,22.3,08:03:39,17:24:47,52.0,61.0,46.9,1,4.9,17.2,9.7
2023-12-25,Monday,December,2023,0,0.0,0.0,81.7,"Rain, Partially cloudy",47.7,52.9,58.8,45.3,82.2,0.45,0.212,37.5,100,rain,1014.6,10,0.0,0.0,1.5,17.7,08:04:03,17:25:23,53.2,58.8,48.8,1,8.9,32.8,20.8
2023-12-26,Tuesday,December,2023,0,3.0,44.989999999999995,79.3,Partially cloudy,42.4,44.8,53.4,37.0,85.4,0.5,0.0,0.0,0,none,1014.8,10,0.0,0.0,2.1,26.0,08:04:25,17:26:01,46.6,53.4,37.0,1,9.8,20.8,14.7
2023-12-27,Wednesday,December,2023,2,1.0,7.5,53.7,Partially cloudy,31.9,36.5,44.3,26.1,76.7,0.52,0.0,0.0,0,none,1014.0,10,0.0,0.0,2.6,29.9,08:04:45,17:26:41,39.3,47.4,30.7,2,9.6,10.3,9.4
2023-12-28,Thursday,December,2023,9,15.0,242.0,100.0,"Rain, Overcast",35.7,33.4,39.4,27.5,90.8,0.55,0.037,20.83,100,rain,1009.0,10,0.0,0.0,0.8,10.6,08:05:03,17:27:22,38.2,40.9,34.5,1,7.7,12.8,10.8
2023-12-29,Friday,December,2023,6,5.0,62.0,100.0,"Snow, Rain, Overcast",32.2,30.1,33.0,27.1,88.5,0.59,0.023,8.33,100,"rain,snow",1009.6,10,0.0,0.0,1.6,18.1,08:05:19,17:28:06,35.3,36.5,33.5,1,9.4,11.4,9.5
2023-12-30,Saturday,December,2023,3,6.0,43.25,81.0,"Rain, Partially cloudy",31.5,28.7,32.3,26.3,86.1,0.62,0.018,12.5,100,rain,1013.1,10,0.0,0.0,1.9,20.6,08:05:32,17:28:51,35.3,37.5,32.6,1,8.4,16.1,11.8
2023-12-31,Sunday,December,2023,0,0.0,0.0,88.8,Partially cloudy,29.7,25.3,30.2,20.8,87.3,0.65,0.0,0.0,0,none,1014.7,10,0.0,0.0,0.6,6.5,08:05:44,17:29:38,33.1,36.4,30.4,0,8.5,26.3,15.9
2024-01-01,Monday,January,2024,0,0.0,0.0,99.0,Overcast,30.0,27.4,33.0,23.3,83.3,0.68,0.0,0.0,0,none,1024.0,10,0.0,0.0,1.5,15.7,08:05:53,17:30:26,34.6,38.1,32.5,1,9.5,21.9,12.6
2024-01-02,Tuesday,January,2024,1,1.0,8.0,81.5,Partially cloudy,24.7,22.6,29.1,20.4,77.4,0.72,0.0,0.0,0,none,1024.7,10,0.0,0.0,2.2,25.0,08:06:00,17:31:16,31.0,34.4,28.2,1,9.9,20.8,13.3
2024-01-03,Wednesday,January,2024,2,1.0,50.0,55.0,Partially cloudy,26.2,23.5,28.7,20.0,85.1,0.75,0.0,0.0,0,none,1019.3,10,0.0,0.0,1.4,16.8,08:06:05,17:32:07,30.1,34.1,25.1,1,8.5,15.0,12.7
2024-01-04,Thursday,January,2024,2,0.0,0.0,83.8,Partially cloudy,23.7,27.7,33.5,25.1,71.3,0.78,0.0,0.0,0,none,1025.9,10,0.0,0.0,2.3,25.8,08:06:08,17:33:00,32.1,35.1,25.1,1,9.8,13.9,9.7
2024-01-05,Friday,January,2024,5,14.0,57.5,42.4,Partially cloudy,21.5,24.8,31.8,16.2,73.0,0.81,0.0,0.0,0,none,1023.4,10,0.0,0.0,2.6,30.8,08:06:08,17:33:54,29.4,37.5,21.0,1,9.9,13.9,10.4
2024-01-06,Saturday,January,2024,5,11.0,191.0,99.8,"Snow, Rain, Overcast",31.6,30.1,35.0,26.3,91.8,0.85,0.205,37.5,100,"rain,snow",1008.6,10,2.8,0.5,1.1,11.8,08:06:06,17:34:50,33.8,35.4,32.0,1,3.2,13.9,8.4
2024-01-07,Sunday,January,2024,4,2.0,46.0,99.7,"Snow, Rain, Overcast",30.1,27.4,34.4,23.7,84.3,0.88,0.046,20.83,100,"rain,snow",1014.7,10,0.1,0.0,1.6,18.1,08:06:03,17:35:46,34.4,35.4,32.5,1,7.5,21.9,14.9
2024-01-08,Monday,January,2024,5,10.0,43.5,79.6,"Rain, Partially cloudy",28.8,29.8,34.5,25.8,74.2,0.91,0.007,4.17,100,rain,1022.6,10,0.0,0.0,2.4,29.3,08:05:57,17:36:44,36.2,39.3,32.8,1,9.7,25.4,16.7
2024-01-09,Tuesday,January,2024,1,0.0,0.0,99.1,"Snow, Rain, Overcast",36.7,30.8,38.6,24.4,91.3,0.94,1.258,91.67,100,"rain,snow",991.6,10,0.0,0.0,1.2,14.1,08:05:48,17:37:44,39.0,45.1,33.6,1,6.7,30.2,18.5
2024-01-10,Wednesday,January,2024,2,4.0,34.989999999999995,99.6,"Snow, Rain, Overcast",28.8,23.6,24.9,22.0,83.5,0.97,0.024,16.67,100,"rain,snow",1001.4,10,0.0,0.0,0.8,9.8,08:05:38,17:38:44,33.3,34.5,32.0,1,9.1,36.3,21.2
2024-01-11,Thursday,January,2024,4,3.0,31.0,70.5,Partially cloudy,28.7,30.1,36.0,26.3,73.2,0.0,0.0,0.0,0,none,1009.8,10,0.0,0.0,2.9,32.2,08:05:25,17:39:45,36.6,40.9,33.5,2,9.8,32.6,19.0
2024-01-12,Friday,January,2024,1,1.0,25.0,88.6,"Snow, Rain, Partially cloudy",33.3,28.8,36.5,14.8,86.4,0.04,0.77,45.83,100,"rain,snow",997.2,10,0.0,0.0,0.5,5.3,08:05:10,17:40:48,37.1,43.5,28.9,0,8.1,50.6,24.2
2024-01-13,Saturday,January,2024,12,5.0,21.0,99.3,"Snow, Overcast",14.4,5.3,10.9,-0.4,77.7,0.08,0.029,20.83,100,snow,1006.2,10,1.0,0.0,2.9,33.0,08:04:53,17:41:51,20.2,26.0,15.5,2,5.1,43.5,25.0
2024-01-14,Sunday,January,2024,0,1.0,6.0,65.8,"Snow, Partially cloudy",-7.4,-16.3,-3.9,-23.8,66.0,0.11,0.002,4.17,100,snow,1023.5,10,1.0,0.2,3.5,40.9,08:04:34,17:42:55,1.3,12.3,-3.2,2,8.8,35.9,20.4
2024-01-15,Monday,January,2024,4,0.0,0.0,58.9,Partially cloudy,-6.9,-11.2,-1.6,-19.3,67.6,0.15,0.0,0.0,0,none,1026.3,10,0.0,0.3,3.8,43.1,08:04:13,17:44:00,1.4,5.9,-4.1,2,9.8,12.8,10.0
2024-01-16,Tuesday,January,2024,8,14.0,104.97,44.1,"Snow, Partially cloudy",-2.1,-8.6,-4.2,-12.6,67.2,0.18,0.012,12.5,100,snow,1022.5,10,0.6,0.2,3.5,39.2,08:03:49,17:45:06,6.6,10.9,2.8,3,8.4,22.8,13.7
2024-01-17,Wednesday,January,2024,1,5.0,65.0,36.9,Partially cloudy,2.1,2.2,16.2,-11.1,55.8,0.25,0.0,0.0,0,none,1019.9,10,0.0,0.3,3.5,39.5,08:03:24,17:46:13,15.3,27.6,4.3,2,9.9,30.8,18.2
2024-01-18,Thursday,January,2024,4,8.0,104.96,83.8,Partially cloudy,11.6,20.4,31.2,13.4,51.7,0.25,0.0,0.0,0,"rain,snow",1017.0,10,0.1,0.0,3.2,35.3,08:02:56,17:47:20,27.2,31.2,24.8,2,9.7,23.0,13.3
2024-01-19,Friday,January,2024,2,7.0,26.0,99.0,"Snow, Overcast",10.6,2.7,21.0,-8.9,76.7,0.29,0.074,37.5,100,snow,1022.1,10,2.0,0.6,1.9,23.9,08:02:26,17:48:28,16.7,25.9,8.4,1,4.4,31.5,21.1
2024-01-20,Saturday,January,2024,9,6.0,111.0,28.2,Partially cloudy,-0.3,-6.8,5.1,-15.6,71.8,0.32,0.0,0.0,0,snow,1033.7,10,0.1,0.6,3.3,37.8,08:01:55,17:49:37,7.0,16.0,0.8,2,9.5,23.0,13.5
2024-01-21,Sunday,January,2024,6,2.0,13.5,25.1,Partially cloudy,3.4,5.1,16.4,-10.7,68.6,0.36,0.0,0.0,0,none,1037.4,10,0.0,0.3,4.7,53.7,08:01:21,17:50:46,12.4,24.9,0.0,3,9.9,15.0,9.3
2024-01-22,Monday,January,2024,2,2.0,3.0,90.3,"Rain, Overcast",15.4,23.1,38.7,7.4,54.9,0.39,0.014,4.17,100,rain,1029.4,10,0.0,0.1,3.8,42.1,08:00:45,17:51:55,30.0,38.7,17.5,3,9.8,21.0,12.7
2024-01-23,Tuesday,January,2024,3,0.0,0.0,100.0,"Snow, Rain, Overcast",37.1,34.5,42.2,27.4,91.9,0.43,0.632,58.33,100,"rain,snow",1025.1,10,0.0,0.0,1.2,13.8,08:00:07,17:53:05,39.3,44.3,34.5,1,3.3,20.8,11.5
2024-01-24,Wednesday,January,2024,1,1.0,5.0,100.0,"Rain, Overcast",47.6,47.1,53.3,40.0,97.0,0.46,0.347,79.17,100,rain,1019.5,10,0.0,0.0,1.3,13.7,07:59:28,17:54:16,48.4,53.3,42.5,1,0.9,16.1,8.7
2024-01-25,Thursday,January,2024,6,4.0,8.0,100.0,"Rain, Overcast",48.5,48.9,52.9,43.7,97.1,0.5,0.658,25.0,100,rain,1015.8,10,0.0,0.0,1.9,21.5,07:58:46,17:55:27,49.3,52.9,44.6,1,1.0,11.4,14.6
2024-01-26,Friday,January,2024,2,4.0,36.0,100.0,"Rain, Overcast",40.8,37.4,44.8,34.6,93.0,0.53,0.023,8.33,100,rain,1018.5,10,0.0,0.0,1.3,14.8,07:58:02,17:56:38,42.7,48.2,40.3,1,5.5,30.0,16.6
2024-01-27,Saturday,January,2024,21,19.0,174.98,100.0,"Rain, Overcast",37.8,35.3,39.2,31.2,93.2,0.56,0.344,20.83,100,rain,1019.5,10,0.0,0.0,1.4,15.3,07:57:17,17:57:49,39.6,41.4,38.8,1,6.0,29.9,16.1
2024-01-28,Sunday,January,2024,5,3.0,35.0,100.0,"Rain, Overcast",35.1,29.5,32.5,25.8,87.7,0.6,0.211,37.5,100,rain,1014.9,10,0.0,0.0,2.3,28.1,07:56:30,17:59:00,38.4,40.9,35.4,1,8.6,37.8,21.6
2024-01-29,Monday,January,2024,1,0.0,0.0,100.0,Overcast,29.5,26.6,30.6,23.2,84.0,0.63,0.0,0.0,0,none,1022.6,10,0.0,0.0,1.9,22.8,07:55:41,18:00:12,33.8,35.8,31.4,1,9.7,19.7,13.1
2024-01-30,Tuesday,January,2024,8,1.0,10.0,100.0,"Snow, Rain, Overcast",32.8,28.0,32.8,22.3,91.4,0.66,0.126,29.17,100,"rain,snow",1015.2,10,0.0,0.0,0.9,10.0,07:54:50,18:01:24,35.1,38.4,31.3,0,4.6,21.9,12.8
2024-01-31,Wednesday,January,2024,4,5.0,23.0,84.4,Partially cloudy,33.7,33.3,39.0,28.7,83.2,0.7,0.0,0.0,0,none,1020.6,10,0.0,0.0,2.7,29.6,07:53:57,18:02:36,38.5,43.4,34.5,2,7.5,13.9,11.2
2024-02-01,Thursday,February,2024,1,0.0,0.0,26.1,Partially cloudy,35.1,37.9,52.7,26.7,78.6,0.73,0.0,0.0,0,none,1015.9,10,0.0,0.0,4.3,49.0,07:53:03,18:03:48,41.6,52.7,32.6,3,9.8,20.8,13.4
2024-02-02,Friday,February,2024,8,5.0,272.2,66.6,Partially cloudy,34.3,34.5,40.7,25.8,79.9,0.75,0.0,0.0,0,none,1017.7,10,0.0,0.0,2.4,28.8,07:52:07,18:05:00,40.2,44.2,33.5,1,8.1,20.8,13.7
2024-02-03,Saturday,February,2024,23,15.0,194.5,11.6,Clear,29.5,29.4,42.2,21.0,77.8,0.79,0.0,0.0,0,none,1018.6,10,0.0,0.0,4.5,52.7,07:51:09,18:06:12,36.1,46.9,28.7,3,9.5,23.0,12.9
2024-02-04,Sunday,February,2024,12,10.0,163.49,32.0,Partially cloudy,29.1,33.3,51.6,22.3,70.1,0.83,0.0,0.0,0,none,1014.8,10,0.0,0.0,4.6,54.6,07:50:10,18:07:24,38.9,51.6,28.6,4,9.7,19.7,13.6
2024-02-05,Monday,February,2024,0,0.0,0.0,17.6,Clear,24.7,34.1,52.4,21.1,58.0,0.86,0.0,0.0,0,none,1017.0,10,0.0,0.0,5.4,62.2,07:49:09,18:08:36,39.4,52.4,29.1,4,9.7,18.3,12.8
2024-02-06,Tuesday,February,2024,3,0.0,0.0,61.6,Partially cloudy,28.6,30.9,44.0,23.9,74.8,0.89,0.0,0.0,0,none,1022.4,10,0.0,0.0,4.3,48.8,07:48:06,18:09:48,36.1,44.0,31.4,3,8.2,12.8,10.2
2024-02-07,Wednesday,February,2024,9,11.0,261.0,42.2,Partially cloudy,29.4,38.1,52.0,24.1,67.0,0.93,0.0,0.0,0,none,1022.5,10,0.0,0.0,4.4,49.9,07:47:02,18:10:59,40.4,52.0,29.9,3,9.0,15.0,7.8
2024-02-08,Thursday,February,2024,1,1.0,6.0,58.7,Partially cloudy,34.6,50.9,63.3,37.7,51.1,0.96,0.0,0.0,0,none,1014.9,10,0.0,0.0,2.7,31.0,07:45:57,18:12:11,52.6,63.3,40.6,2,9.9,32.2,19.6
2024-02-09,Friday,February,2024,8,4.0,36.989999999999995,66.0,Partially cloudy,46.9,57.8,65.1,53.2,68.0,0.0,0.0,0.0,0,none,1011.3,10,0.0,0.0,4.5,54.4,07:44:50,18:13:22,57.8,65.1,53.2,3,9.9,32.5,17.8
2024-02-10,Saturday,February,2024,15,10.0,75.5,60.1,"Rain, Partially cloudy",38.3,41.6,54.7,30.7,76.1,0.03,0.036,8.33,100,rain,1013.4,10,0.0,0.0,4.4,52.1,07:43:41,18:14:34,45.6,54.7,36.4,2,9.7,31.1,15.4
2024-02-11,Sunday,February,2024,10,13.0,126.98,34.9,Partially cloudy,27.2,33.0,43.5,21.6,66.4,0.06,0.0,0.0,0,none,1016.7,10,0.0,0.0,4.7,54.1,07:42:32,18:15:45,37.8,47.4,28.7,4,9.9,16.1,11.1
2024-02-12,Monday,February,2024,1,1.0,10.0,51.1,Partially cloudy,27.0,32.9,42.2,21.7,64.4,0.09,0.0,0.0,0,none,1011.7,10,0.0,0.0,4.2,48.2,07:41:21,18:16:56,38.4,46.5,30.8,3,9.9,18.3,12.8
2024-02-13,Tuesday,February,2024,2,2.0,50.0,50.2,Partially cloudy,25.9,32.5,42.6,22.1,61.8,0.13,0.0,0.0,0,none,1015.4,10,0.0,0.0,4.7,54.9,07:40:08,18:18:06,38.5,47.9,29.6,2,9.9,27.7,14.7
2024-02-14,Wednesday,February,2024,8,5.0,81.0,35.6,Partially cloudy,21.8,35.2,47.5,27.3,49.6,0.16,0.0,0.0,0,none,1022.2,10,0.0,0.0,6.0,69.2,07:38:54,18:19:17,39.9,48.4,32.0,4,9.9,12.8,9.6
2024-02-15,Thursday,February,2024,1,0.0,0.0,49.8,Partially cloudy,29.5,35.0,42.5,28.7,62.8,0.2,0.0,0.0,0,none,1017.2,10,0.0,0.0,3.3,38.2,07:37:40,18:20:27,41.3,49.4,34.0,2,9.9,36.8,23.5
2024-02-16,Friday,February,2024,3,2.0,2.0,89.4,"Snow, Rain, Partially cloudy",21.5,22.5,27.6,11.5,70.4,0.25,0.272,29.17,100,"rain,snow",1019.2,10,4.9,1.2,1.5,17.4,07:36:23,18:21:37,30.6,34.4,22.8,1,6.9,21.9,12.9
2024-02-17,Saturday,February,2024,4,5.0,20.5,35.8,Partially cloudy,8.3,5.0,12.4,-0.4,67.1,0.27,0.0,0.0,0,snow,1021.8,10,0.2,3.6,3.3,38.6,07:35:06,18:22:46,17.8,22.6,14.4,2,9.4,25.3,14.3
2024-02-18,Sunday,February,2024,4,3.0,13.0,0.0,Clear,13.0,13.3,25.5,0.8,62.8,0.3,0.0,0.0,0,none,1016.8,10,0.0,1.8,6.4,75.7,07:33:48,18:23:56,24.0,34.9,14.1,4,9.9,26.4,16.0
2024-02-19,Monday,February,2024,8,3.0,51.0,7.4,Clear,22.6,29.8,47.6,16.1,67.5,0.33,0.0,0.0,0,none,1021.4,10,0.0,0.3,6.6,77.0,07:32:28,18:25:05,32.9,47.6,20.7,4,9.6,9.2,7.2
2024-02-20,Tuesday,February,2024,3,14.0,145.5,6.8,Clear,24.7,40.1,56.4,25.6,56.4,0.37,0.0,0.0,0,none,1023.4,10,0.0,0.0,5.8,67.8,07:31:08,18:26:13,41.1,56.4,27.4,4,9.5,17.2,11.3
2024-02-21,Wednesday,February,2024,6,0.0,0.0,42.9,"Rain, Partially cloudy",30.8,49.1,65.8,31.1,48.5,0.4,0.001,4.17,100,rain,1017.6,10,0.0,0.0,6.2,72.6,07:29:46,18:27:22,50.7,65.8,34.4,4,9.8,30.4,19.9
2024-02-22,Thursday,February,2024,4,2.0,19.0,74.6,"Rain, Partially cloudy",43.1,51.6,56.6,39.4,72.9,0.44,0.34,20.83,100,rain,1005.4,10,0.0,0.0,2.1,25.6,07:28:23,18:28:30,52.2,56.6,43.7,2,8.5,23.0,12.0
2024-02-23,Friday,February,2024,10,11.0,161.0,44.4,"Rain, Partially cloudy",34.8,40.9,52.2,30.6,72.6,0.47,0.049,4.17,100,rain,1005.2,10,0.0,0.0,5.4,64.0,07:27:00,18:29:38,43.9,52.2,34.4,5,7.5,28.9,18.9
2024-02-24,Saturday,February,2024,26,13.0,177.0,62.8,"Snow, Rain, Partially cloudy",23.2,25.2,39.0,17.4,69.1,0.5,0.006,4.17,100,"rain,snow",1014.8,10,0.2,0.0,5.3,61.8,07:25:35,18:30:45,32.7,44.1,28.0,4,9.2,29.9,19.9
2024-02-25,Sunday,February,2024,5,10.0,56.0,22.9,Partially cloudy,27.0,37.3,60.4,19.0,58.8,0.54,0.0,0.0,0,none,1013.6,10,0.0,0.0,7.9,91.9,07:24:10,18:31:52,41.6,60.4,27.5,5,9.9,26.4,16.4
2024-02-26,Monday,February,2024,19,12.0,153.0,28.6,Partially cloudy,33.9,54.0,73.0,32.8,50.8,0.57,0.0,0.0,0,none,1008.8,10,0.0,0.0,7.3,81.0,07:22:44,18:32:59,54.5,73.0,35.6,4,9.9,23.0,13.1
2024-02-27,Tuesday,February,2024,12,32.0,1308.23,80.9,Partially cloudy,54.4,64.9,67.7,59.9,69.3,0.61,0.0,0.0,0,none,998.3,10,0.0,0.0,2.9,35.0,07:21:17,18:34:06,64.9,67.7,59.9,2,9.9,32.2,18.4
2024-02-28,Wednesday,February,2024,12,10.0,159.0,62.9,"Snow, Rain, Partially cloudy",28.0,29.6,68.9,12.9,66.1,0.64,0.566,20.83,100,"rain,snow",1011.4,30,0.0,0.0,4.1,49.0,07:19:49,18:35:12,38.7,68.9,27.5,4,9.8,50.8,27.5
2024-02-29,Thursday,February,2024,20,22.0,194.0,9.5,Clear,11.5,27.8,40.1,15.9,41.7,0.67,0.0,0.0,0,none,1031.5,10,0.0,0.0,8.0,92.1,07:18:21,18:36:18,32.8,43.8,23.0,5,9.9,19.5,9.5
2024-03-01,Friday,March,2024,24,36.0,424.49,69.2,Partially cloudy,24.6,32.3,39.4,24.7,61.4,0.71,0.0,0.0,0,none,1023.7,10,0.0,0.0,3.3,36.0,07:16:51,18:37:23,37.3,43.4,30.7,2,8.6,15.0,11.2
2024-03-02,Saturday,March,2024,52,43.0,471.0,81.9,Partially cloudy,40.3,44.1,54.1,37.3,81.3,0.74,0.0,0.0,0,none,1019.9,10,0.0,0.0,6.1,71.0,07:15:21,18:38:29,46.1,54.1,40.8,4,7.0,11.4,11.8
2024-03-03,Sunday,March,2024,24,27.0,1523.98,32.5,Partially cloudy,44.2,51.2,69.4,36.3,74.0,0.75,0.0,0.0,0,none,1016.5,10,0.0,0.0,7.9,92.2,07:13:51,18:39:34,53.3,69.4,40.8,5,7.7,26.9,18.4
2024-03-04,Monday,March,2024,6,0.0,0.0,55.7,Partially cloudy,53.6,63.7,76.2,53.2,72.2,0.81,0.0,0.0,0,none,1014.7,10,0.0,0.0,5.1,59.1,07:12:19,18:40:38,63.7,76.2,53.2,4,9.3,28.6,15.8
2024-03-05,Tuesday,March,2024,8,9.0,48.0,78.3,"Rain, Partially cloudy",55.3,61.0,64.0,53.3,81.9,0.84,0.625,33.33,100,rain,1012.1,10,0.0,0.0,3.0,35.1,07:10:48,18:41:43,61.0,64.0,53.3,3,8.7,20.8,10.5
2024-03-06,Wednesday,March,2024,4,3.0,25.99,100.0,"Rain, Overcast",45.5,44.8,52.0,40.4,89.8,0.88,0.009,8.33,100,rain,1014.8,10,0.0,0.0,2.3,27.5,07:09:15,18:42:47,48.4,52.0,45.6,1,5.6,20.8,13.3
2024-03-07,Thursday,March,2024,7,10.0,144.49,99.4,Overcast,42.1,43.3,50.4,40.5,83.0,0.91,0.0,0.0,0,none,1017.5,10,0.0,0.0,3.4,39.4,07:07:42,18:43:51,47.0,50.4,44.9,2,8.8,13.9,11.3
2024-03-08,Friday,March,2024,7,2.0,80.0,99.2,"Rain, Overcast",49.9,50.8,56.7,43.2,91.1,0.94,0.455,79.17,100,rain,1012.2,10,0.0,0.0,2.6,30.3,07:06:09,18:44:54,52.4,56.7,47.7,2,8.0,21.9,10.9
2024-03-09,Saturday,March,2024,26,15.0,153.0,95.6,"Rain, Overcast",38.4,39.3,55.8,31.8,78.5,0.98,0.065,20.83,100,rain,1009.9,10,0.0,0.0,2.5,29.7,07:04:35,18:45:58,45.0,55.8,39.7,1,8.8,30.5,19.5
2024-03-10,Sunday,March,2024,11,5.0,65.99,21.4,Partially cloudy,22.8,30.2,38.5,21.5,54.4,0.0,0.0,0.0,0,none,1018.1,10,0.0,0.0,8.6,104.2,08:03:01,19:47:01,38.4,46.4,31.2,5,9.9,34.4,24.2
2024-03-11,Monday,March,2024,8,1.0,10.0,0.6,Clear,25.5,42.7,60.5,26.2,50.9,0.04,0.0,0.0,0,none,1022.2,10,0.0,0.0,9.6,111.5,08:01:27,19:48:04,44.0,60.5,28.0,5,9.9,25.8,15.3
2024-03-12,Tuesday,March,2024,7,8.0,67.0,25.1,Partially cloudy,34.3,54.2,69.1,38.5,45.5,0.08,0.0,0.0,0,none,1015.0,10,0.0,0.0,8.8,102.8,07:59:52,19:49:07,56.0,69.1,43.1,5,9.9,31.0,17.0
2024-03-13,Wednesday,March,2024,10,15.0,338.99,34.9,Partially cloudy,40.3,60.1,74.7,44.5,49.0,0.11,0.0,0.0,0,none,1011.5,10,0.0,0.0,9.4,110.2,07:58:16,19:50:09,60.5,74.7,46.3,5,9.9,18.3,11.3
2024-03-14,Thursday,March,2024,1,2.0,16.0,66.6,"Rain, Partially cloudy",54.5,64.2,73.9,57.2,71.2,0.14,0.311,29.17,100,rain,1010.4,60,0.0,0.0,4.3,50.4,07:56:41,19:51:11,64.2,73.9,57.2,3,9.8,36.7,22.8
2024-03-15,Friday,March,2024,8,3.0,11.0,76.0,"Rain, Partially cloudy",43.1,49.7,59.7,41.5,73.0,0.18,0.001,4.17,100,rain,1015.4,10,0.0,0.0,7.5,85.3,07:55:05,19:52:13,52.0,59.7,46.2,5,9.5,28.9,18.8
2024-03-16,Saturday,March,2024,24,9.0,237.99,33.9,Partially cloudy,36.1,48.9,62.8,31.6,62.0,0.21,0.0,0.0,0,none,1012.2,10,0.0,0.0,10.9,127.1,07:53:29,19:53:15,50.3,62.8,36.5,5,9.9,35.8,23.3
2024-03-17,Sunday,March,2024,5,3.0,40.5,51.5,Partially cloudy,23.7,34.1,40.5,26.5,49.6,0.25,0.0,0.0,0,none,1011.4,10,0.0,0.0,9.2,104.5,07:51:53,19:54:17,41.5,47.3,35.3,6,9.9,33.3,19.8
2024-03-18,Monday,March,2024,10,12.0,60.0,95.5,Overcast,18.1,24.0,25.3,22.7,54.3,0.28,0.0,0.0,0,none,1018.4,10,0.0,0.0,5.0,59.0,07:50:16,19:55:18,32.9,34.5,31.2,3,9.7,26.5,18.3
2024-03-19,Tuesday,March,2024,10,13.0,177.5,17.8,Clear,21.7,33.9,55.4,18.0,50.4,0.31,0.0,0.0,0,none,1013.1,10,0.0,0.0,11.7,135.9,07:48:40,19:56:20,39.7,55.4,27.0,7,9.9,38.9,23.9
2024-03-20,Wednesday,March,2024,10,2.0,90.0,26.4,Partially cloudy,21.1,38.7,50.4,25.3,40.7,0.34,0.0,0.0,0,none,1013.5,10,0.0,0.0,11.3,130.0,07:47:03,19:57:21,44.8,50.4,33.7,7,9.9,32.1,20.1
2024-03-21,Thursday,March,2024,6,7.0,48.0,39.9,Partially cloudy,13.7,28.2,37.8,20.9,42.6,0.38,0.0,0.0,0,none,1024.6,10,0.0,0.0,8.4,96.3,07:45:26,19:58:22,34.7,43.2,28.2,5,9.9,23.0,11.2
2024-03-22,Friday,March,2024,7,3.0,17.0,64.7,"Rain, Partially cloudy",22.0,34.1,41.5,25.8,49.1,0.41,0.016,8.33,100,rain,1017.1,10,0.0,0.0,3.1,35.8,07:43:50,19:59:23,40.0,45.4,33.5,3,9.9,17.2,10.7
2024-03-23,Saturday,March,2024,23,19.0,178.75,52.5,Partially cloudy,24.1,31.6,40.1,21.9,57.3,0.45,0.0,0.0,0,none,1021.8,10,0.0,0.0,12.3,141.3,07:42:13,20:00:24,38.9,46.0,32.5,7,9.9,29.3,20.8
2024-03-24,Sunday,March,2024,5,5.0,48.0,41.9,Partially cloudy,21.3,36.7,53.4,23.8,46.8,0.48,0.0,0.0,0,none,1020.2,10,0.0,0.0,12.7,147.3,07:40:36,20:01:25,41.4,53.4,31.9,6,9.9,28.4,19.2
2024-03-25,Monday,March,2024,2,3.0,48.0,59.1,Partially cloudy,31.8,55.6,69.2,39.8,37.6,0.5,0.0,0.0,0,none,1010.6,10,0.0,0.0,8.0,92.8,07:38:59,20:02:25,57.6,69.2,45.6,5,9.9,35.8,22.2
2024-03-26,Tuesday,March,2024,4,0.0,0.0,94.2,"Rain, Overcast",44.7,53.1,63.3,35.4,72.0,0.55,0.358,37.5,100,rain,1003.4,10,0.0,0.0,6.8,77.5,07:37:23,20:03:26,53.9,63.3,41.9,4,9.2,40.1,22.0
2024-03-27,Wednesday,March,2024,5,2.0,20.0,68.4,Partially cloudy,28.1,33.5,40.9,27.7,63.1,0.58,0.0,0.0,0,none,1017.7,10,0.0,0.0,5.9,69.2,07:35:46,20:04:26,39.9,46.1,35.8,3,9.9,27.7,15.8
2024-03-28,Thursday,March,2024,6,6.0,94.5,26.5,Partially cloudy,28.2,43.1,58.2,26.2,57.0,0.62,0.0,0.0,0,none,1020.8,10,0.0,0.0,13.5,154.9,07:34:10,20:05:27,44.2,58.2,28.8,6,9.9,27.8,17.8
2024-03-29,Friday,March,2024,3,1.0,5.0,57.2,Partially cloudy,34.7,55.1,69.5,39.4,47.7,0.65,0.0,0.0,0,none,1016.4,10,0.0,0.0,14.2,166.1,07:32:33,20:06:27,56.0,69.5,42.4,6,9.9,23.0,11.2
2024-03-30,Saturday,March,2024,17,19.0,149.0,57.4,"Rain, Partially cloudy",43.1,62.9,75.0,54.6,49.7,0.69,0.107,12.5,100,rain,1009.1,10,0.0,0.0,14.0,163.4,07:30:57,20:07:27,62.9,75.0,54.6,7,9.8,36.5,21.6
2024-03-31,Sunday,March,2024,0,0.0,0.0,85.6,"Rain, Partially cloudy",47.4,52.1,66.3,39.6,79.5,0.72,0.116,20.83,100,rain,1011.9,10,0.0,0.0,11.2,128.8,07:29:21,20:08:27,54.0,66.3,44.0,6,8.9,16.1,11.7
2024-04-01,Monday,April,2024,1,2.0,9.0,95.6,"Rain, Overcast",52.0,57.3,65.3,42.7,81.1,0.75,0.787,20.83,100,rain,1008.2,10,0.0,0.0,4.8,54.8,07:27:46,20:09:28,57.8,65.3,48.1,2,9.1,33.3,13.0
2024-04-02,Tuesday,April,2024,4,2.0,10.0,93.1,"Rain, Overcast",53.8,57.1,69.5,34.5,86.3,0.79,1.872,66.67,100,rain,998.9,30,0.0,0.0,5.7,64.2,07:26:10,20:10:28,58.1,69.5,43.4,4,8.1,40.5,24.1
2024-04-03,Wednesday,April,2024,6,2.0,13.99,97.2,"Rain, Overcast",33.0,31.2,34.5,27.5,77.5,0.82,0.096,45.83,100,rain,995.9,10,0.0,0.0,7.8,90.6,07:24:35,20:11:28,39.6,43.5,35.7,7,9.4,37.1,22.8
2024-04-04,Thursday,April,2024,7,9.0,209.0,97.2,"Snow, Rain, Overcast",34.5,29.9,33.3,25.9,86.3,0.86,0.147,58.33,100,"rain,snow",1003.2,10,0.0,0.0,3.6,41.8,07:23:01,20:12:28,38.2,40.9,35.4,1,9.0,29.3,19.7
2024-04-05,Friday,April,2024,20,6.0,53.0,89.0,"Rain, Partially cloudy",35.1,35.6,40.4,32.2,77.1,0.89,0.017,8.33,100,rain,1017.2,10,0.0,0.0,5.4,62.9,07:21:27,20:13:28,41.8,45.4,38.0,4,9.8,28.9,16.9
2024-04-06,Saturday,April,2024,15,7.0,68.0,7.7,Clear,28.9,43.1,57.2,26.5,56.8,0.93,0.0,0.0,0,none,1022.3,10,0.0,0.0,17.1,198.9,07:19:53,20:14:29,45.0,57.2,31.7,7,9.9,13.9,8.1
2024-04-07,Sunday,April,2024,7,1.0,10.0,49.8,"Rain, Partially cloudy",35.0,50.0,63.4,34.8,54.2,0.96,0.026,16.67,100,rain,1016.2,10,0.0,0.0,8.3,96.3,07:18:19,20:15:29,51.8,63.4,39.3,4,9.9,32.4,21.4
2024-04-08,Monday,April,2024,9,13.0,213.0,39.9,Partially cloudy,42.1,62.1,75.3,46.6,53.6,0.0,0.0,0.0,0,none,1013.8,10,0.0,0.0,12.6,144.9,07:16:46,20:16:29,62.1,75.3,46.6,7,9.9,19.5,11.3
2024-04-09,Tuesday,April,2024,7,1.0,3.0,72.7,"Rain, Partially cloudy",54.3,63.0,71.1,55.4,74.3,0.03,0.069,25.0,100,rain,1013.3,10,0.0,0.0,9.0,105.3,07:15:14,20:17:29,63.0,71.1,55.4,5,9.7,29.8,17.9
